Transaction_ID,Date,Customer_Name,Customer_Email,Region,Category,Product,Quantity,Unit_Price,Discount_Pct,Revenue,Cost,Profit,Customer_Age,Satisfaction_Score
TXN-10000,2025-01-01 00:00,Client 202,user_0@company.com,Melbourne,Furniture,LaserJet Z,12,899.0,0.0,10788.0,6303.286379670667,4484.713620329333,27.0,4.0
TXN-10001,2025-01-01 06:00,Client 535,user_1@company.com,Sydney,Office Supplies,SmartHub Hub,5,299.0,0.25,1121.25,718.4025907326956,402.8474092673045,33.0,5.0
TXN-10002,2025-01-01 12:00,Client 960,user_2@company.com,Melbourne,Office Supplies,MicroTab 12,13,129.5,0.05,1599.3249999999998,1025.1265239171394,574.1984760828605,58.0,1.0
TXN-10003,2025-01-01 18:00,Client 370,user_3@company.com,Melbourne,Furniture,SmartHub Hub,10,299.0,0.05,2840.5,1951.8214784406032,888.6785215593968,38.0,5.0
TXN-10004,2025-01-02 00:00,Client 206,user_4@company.com,Sydney,Apparel,MicroTab 12,9,2450.0,0.0,22050.0,16141.539483766806,5908.460516233194,44.0,2.0
TXN-10005,2025-01-02 06:00,Client 171,,Melbourne,Office Supplies,UltraDesk 2000,12,49.99,0.15,509.898,345.61214395328005,164.2858560467199,47.0,5.0
TXN-10006,2025-01-02 12:00,Client 800,user_6@company.com,Sydney,Industrial,ProBook X,5,49.99,0.0,249.95,185.1397195415969,64.81028045840307,50.0,4.0
TXN-10007,2025-01-02 18:00,Client 120,user_7@company.com,Sydney,Office Supplies,UltraDesk 2000,2,899.0,0.0,1798.0,1305.928984100128,492.071015899872,54.0,5.0
TXN-10008,2025-01-03 00:00,Client 714,user_8@company.com,Perth,Electronics,ErgoChair Pro,5,1499.0,0.0,7495.0,4998.415193500655,2496.584806499345,48.0,2.0
TXN-10009,2025-01-03 06:00,Client 221,user_9@company.com,Melbourne,Electronics,ErgoChair Pro,12,299.0,0.05,3408.6,2443.142648780384,965.4573512196166,46.0,4.0
TXN-10010,2025-01-03 12:00,Client 566,user_10@company.com,Sydney,Apparel,MicroTab 12,4,1499.0,0.05,5696.2,3864.960116785097,1831.239883214904,31.0,4.0
TXN-10011,2025-01-03 18:00,Client 314,user_11@company.com,Melbourne,Furniture,LaserJet Z,11,899.0,0.1,8900.1,5034.889510200854,3865.210489799146,44.0,5.0
TXN-10012,2025-01-04 00:00,Client 430,user_12@company.com,Perth,Apparel,LaserJet Z,7,49.99,0.15,,207.64706331373404,89.79343668626595,42.0,4.0
TXN-10013,2025-01-04 06:00,Client 558,user_13@company.com,Sydney,Apparel,MicroTab 12,6,1499.0,0.0,8994.0,5117.421304151702,3876.5786958482977,42.0,4.0
TXN-10014,2025-01-04 12:00,Client 187,user_14@company.com,Brisbane,Apparel,ErgoChair Pro,14,1499.0,0.1,18887.4,12632.20582194648,6255.194178053522,64.0,4.0
TXN-10015,2025-01-04 18:00,Client 472,user_15@company.com,Sydney,Apparel,ErgoChair Pro,2,49.99,0.0,99.98,69.03899355634115,30.94100644365885,34.0,4.0
TXN-10016,2025-01-05 00:00,Client 199,user_16@company.com,Sydney,Industrial,ErgoChair Pro,12,299.0,0.15,3049.8,1717.9691799042932,1331.8308200957065,58.0,4.0
TXN-10017,2025-01-05 06:00,Client 971,user_17@company.com,Melbourne,Industrial,UltraDesk 2000,11,49.99,0.1,494.901,295.0396510045789,199.8613489954211,54.0,2.0
TXN-10018,2025-01-05 12:00,Client 763,user_18@company.com,Melbourne,Office Supplies,ErgoChair Pro,11,1499.0,0.05,15664.55,11484.221193174844,4180.328806825155,45.0,5.0
TXN-10019,2025-01-05 18:00,Client 230,user_19@company.com,Brisbane,Electronics,SmartHub Hub,13,299.0,0.1,3498.3,2355.2755976356684,1143.0244023643318,65.0,5.0
TXN-10020,2025-01-06 00:00,Client 761,user_20@company.com,Brisbane,Apparel,ProBook X,5,299.0,0.0,1495.0,895.889519624349,599.110480375651,32.0,5.0
TXN-10021,2025-01-06 06:00,Client 408,user_21@company.com,USA,Office Supplies,ErgoChair Pro,7,49.99,0.0,349.93,240.7994144635644,109.13058553643565,38.0,3.0
TXN-10022,2025-01-06 12:00,Client 869,user_22@company.com,Melbourne,Electronics,MicroTab 12,11,1499.0,0.1,14840.1,9933.299349974694,4906.800650025307,25.0,5.0
TXN-10023,2025-01-06 18:00,Client 443,user_23@company.com,Sydney,Furniture,ProBook X,7,899.0,0.0,6293.0,4092.43317591673,2200.56682408327,46.0,5.0
TXN-10024,2025-01-07 00:00,Client 591,user_24@company.com,Perth,Industrial,UltraDesk 2000,5,1499.0,0.0,125000.0,5585.554275507137,92000.0,51.0,4.0
TXN-10025,2025-01-07 06:00,Client 513,user_25@company.com,Sydney,Electronics,MicroTab 12,12,129.5,0.0,1554.0,1067.1174340182538,486.8825659817462,30.0,4.0
TXN-10026,2025-01-07 12:00,Client 905,user_26@company.com,Melbourne,Furniture,ProBook X,9,2450.0,0.1,19845.0,12404.875764271948,7440.124235728053,42.0,4.0
TXN-10027,2025-01-07 18:00,Client 485,user_27@company.com,Sydney,Electronics,MicroTab 12,4,899.0,0.0,3596.0,2553.212812349683,1042.7871876503168,41.0,5.0
TXN-10028,2025-01-08 00:00,Client 291,user_28@company.com,Sydney,Industrial,UltraDesk 2000,11,299.0,0.0,3289.0,2390.8288900835573,898.1711099164427,40.0,4.0
TXN-10029,2025-01-08 06:00,Client 376,user_29@company.com,US,Industrial,SmartHub Hub,3,899.0,0.1,2427.3,1395.804572823041,1031.4954271769589,40.0,2.0
TXN-10030,2025-01-08 12:00,Client 260,user_30@company.com,Adelaide,Office Supplies,UltraDesk 2000,4,299.0,0.1,1076.4,635.1950450705291,441.204954929471,33.0,4.0
TXN-10031,2025-01-08 18:00,Client 559,user_31@company.com,Brisbane,Apparel,UltraDesk 2000,5,299.0,0.0,1495.0,886.9018757292062,608.0981242707938,58.0,5.0
TXN-10032,2025-01-09 00:00,Client 413,user_32@company.com,Melbourne,Electronics,MicroTab 12,13,899.0,0.0,11687.0,8043.4884832601,3643.5115167399,63.0,5.0
TXN-10033,2025-01-09 06:00,Client 121,user_33@company.com,Sydney,Electronics,LaserJet Z,6,299.0,0.0,1794.0,1203.070592353118,590.929407646882,38.0,5.0
TXN-10034,2025-01-09 12:00,Client 352,user_34@company.com,Sydney,Furniture,ErgoChair Pro,3,299.0,0.0,897.0,604.3970867069266,292.60291329307336,58.0,4.0
TXN-10035,2025-01-09 18:00,Client 847,user_35@company.com,Sydney,Industrial,ErgoChair Pro,2,129.5,0.0,259.0,191.1820569239161,67.81794307608385,60.0,3.0
TXN-10036,2025-01-10 00:00,Client 956,user_36@company.com,Melbourne,Electronics,SmartHub Hub,14,1499.0,0.1,18887.4,13319.060296948945,5568.339703051059,49.0,3.0
TXN-10037,2025-01-10 06:00,Client 660,user_37@company.com,Brisbane,Industrial,SmartHub Hub,13,1499.0,0.05,18512.65,10655.647801112613,7857.002198887385,62.0,3.0
TXN-10038,2025-01-10 12:00,Client 574,user_38@company.com,Brisbane,Electronics,ErgoChair Pro,4,2450.0,0.05,9310.0,5767.558187475687,3542.441812524313,56.0,1.0
TXN-10039,2025-01-10 18:00,Client 158,user_39@company.com,Sydney,Office Supplies,LaserJet Z,5,2450.0,0.0,12250.0,7804.2144331305535,4445.785566869447,39.0,4.0
TXN-10040,2025-01-11 00:00,Client 610,user_40@company.com,US,Apparel,ErgoChair Pro,4,129.5,0.1,466.2,293.3294585348267,172.8705414651733,35.0,3.0
TXN-10041,2025-01-11 06:00,Client 781,user_41@company.com,Brisbane,Electronics,LaserJet Z,14,2450.0,0.0,34300.0,23456.45705885049,10843.54294114951,56.0,4.0
TXN-10042,2025-01-11 12:00,Client 575,user_42@company.com,Melbourne,Industrial,SmartHub Hub,11,899.0,0.25,7416.75,5402.202134715622,2014.5478652843776,65.0,5.0
TXN-10043,2025-01-11 18:00,Client 799,user_43@company.com,Brisbane,Office Supplies,ProBook X,13,49.99,0.05,617.3765,377.34687127391527,240.0296287260847,62.0,4.0
TXN-10044,2025-01-12 00:00,Client 882,user_44@company.com,Melbourne,Electronics,MicroTab 12,12,49.99,0.0,599.88,396.14601131926815,203.73398868073184,28.0,5.0
TXN-10045,2025-01-12 06:00,Client 289,user_45@company.com,Sydney,Furniture,SmartHub Hub,3,49.99,0.05,,100.85299389083228,41.61850610916771,62.0,4.0
TXN-10046,2025-01-12 12:00,Client 786,user_46@company.com,Melbourne,Apparel,SmartHub Hub,8,129.5,0.0,1036.0,656.0403817927563,379.9596182072437,34.0,3.0
TXN-10047,2025-01-12 18:00,Client 662,user_47@company.com,Perth,Electronics,UltraDesk 2000,10,129.5,0.05,1230.25,718.0029654926468,512.2470345073532,39.0,4.0
TXN-10048,2025-01-13 00:00,Client 975,user_48@company.com,Sydney,Office Supplies,UltraDesk 2000,4,299.0,0.0,1196.0,771.4082708910886,424.5917291089114,58.0,2.0
TXN-10049,2025-01-13 06:00,Client 666,user_49@company.com,Sydney,Furniture,UltraDesk 2000,14,49.99,0.0,699.86,392.6526066734432,307.2073933265568,34.0,4.0
TXN-10050,2025-01-13 12:00,Client 343,user_50@company.com,Sydney,Office Supplies,MicroTab 12,2,899.0,0.15,1528.3,1128.613926550336,399.686073449664,57.0,
TXN-10051,2025-01-13 18:00,Client 931,user_51@company.com,Sydney,Office Supplies,UltraDesk 2000,2,2450.0,0.0,4900.0,2768.324781091074,2131.675218908926,52.0,2.0
TXN-10052,2025-01-14 00:00,Client 604,user_52@company.com,Adelaide,Furniture,LaserJet Z,1,899.0,0.1,809.1,515.9560656618486,293.14393433815144,23.0,3.0
TXN-10053,2025-01-14 06:00,Client 230,user_53@company.com,Brisbane,Office Supplies,ErgoChair Pro,13,2450.0,0.0,31850.0,20892.843633133914,10957.156366866086,37.0,4.0
TXN-10054,2025-01-14 12:00,Client 584,user_54@company.com,Melbourne,Furniture,ProBook X,4,49.99,0.05,189.962,141.91315731779147,48.04884268220852,30.0,5.0
TXN-10055,2025-01-14 18:00,Client 918,user_55@company.com,Sydney,Electronics,SmartHub Hub,10,49.99,0.05,474.905,276.96666883142257,197.93833116857743,30.0,5.0
TXN-10056,2025-01-15 00:00,Client 746,user_56@company.com,Melbourne,Furniture,LaserJet Z,9,49.99,0.05,427.4145,244.8599130623884,182.5545869376116,59.0,5.0
TXN-10057,2025-01-15 06:00,Client 120,user_57@company.com,Melbourne,Furniture,ProBook X,14,129.5,0.0,1813.0,1000.3068489248784,812.6931510751216,32.0,2.0
TXN-10058,2025-01-15 12:00,Client 940,user_58@company.com,Sydney,Apparel,LaserJet Z,11,2450.0,0.0,26950.0,15661.03004472554,11288.96995527446,43.0,5.0
TXN-10059,2025-01-15 18:00,Client 266,user_59@company.com,Melbourne,Furniture,LaserJet Z,7,129.5,0.0,906.5,536.1535911049682,370.3464088950318,54.0,5.0
TXN-10060,2025-01-16 00:00,Client 373,user_60@company.com,Melbourne,Furniture,SmartHub Hub,12,129.5,0.0,1554.0,1050.6845566440252,503.3154433559748,57.0,4.0
TXN-10061,2025-01-16 06:00,Client 487,user_61@company.com,Brisbane,Electronics,ErgoChair Pro,10,1499.0,0.05,14240.5,8458.021909713747,5782.478090286253,66.0,5.0
TXN-10062,2025-01-16 12:00,Client 700,user_62@company.com,Brisbane,Apparel,UltraDesk 2000,7,899.0,0.15,5349.05,2963.93087280558,2385.1191271944203,44.0,4.0
TXN-10063,2025-01-16 18:00,Client 415,user_63@company.com,Sydney,Industrial,MicroTab 12,13,899.0,0.15,9933.95,7105.989562660889,2827.9604373391103,66.0,5.0
TXN-10064,2025-01-17 00:00,Client 113,user_64@company.com,Melbourne,Electronics,ErgoChair Pro,7,299.0,0.1,1883.7,1173.7695243962346,709.9304756037654,66.0,5.0
TXN-10065,2025-01-17 06:00,Client 341,user_65@company.com,Brisbane,Electronics,MicroTab 12,8,129.5,0.1,932.4,578.7773581135752,353.6226418864248,55.0,1.0
TXN-10066,2025-01-17 12:00,Client 876,user_66@company.com,Melbourne,Industrial,SmartHub Hub,1,2450.0,0.05,2327.5,1420.9289880776698,906.5710119223302,30.0,4.0
TXN-10067,2025-01-17 18:00,Client 445,user_67@company.com,Adelaide,Furniture,SmartHub Hub,10,1499.0,0.0,14990.0,11168.66908488497,3821.3309151150297,45.0,5.0
TXN-10068,2025-01-18 00:00,Client 664,user_68@company.com,Brisbane,Office Supplies,SmartHub Hub,13,1499.0,0.15,16563.95,9673.729153308015,6890.220846691984,29.0,2.0
TXN-10069,2025-01-18 06:00,Client 997,user_69@company.com,Sydney,Apparel,ProBook X,10,899.0,0.05,8540.5,6231.555437038521,2308.94456296148,28.0,4.0
TXN-10070,2025-01-18 12:00,Client 439,user_70@company.com,Sydney,Office Supplies,MicroTab 12,8,129.5,0.05,984.2,694.2159678984154,289.9840321015845,57.0,5.0
TXN-10071,2025-01-18 18:00,Client 191,user_71@company.com,Brisbane,Industrial,ErgoChair Pro,4,299.0,0.0,1196.0,676.0940053554357,519.9059946445643,39.0,4.0
TXN-10072,2025-01-19 00:00,Client 466,user_72@company.com,Sydney,Electronics,ErgoChair Pro,4,129.5,0.0,518.0,387.12513491548793,130.87486508451207,24.0,3.0
TXN-10073,2025-01-19 06:00,Client 554,user_73@company.com,Melbourne,Electronics,LaserJet Z,4,49.99,0.0,199.96,120.83046761385212,79.12953238614789,49.0,4.0
TXN-10074,2025-01-19 12:00,Client 527,user_74@company.com,SYDNEY,Apparel,LaserJet Z,6,129.5,0.15,660.4499999999999,376.2693188303905,284.18068116960944,27.0,3.0
TXN-10075,2025-01-19 18:00,Client 608,user_75@company.com,Melbourne,Electronics,LaserJet Z,7,49.99,0.05,332.4335,237.9767916900491,94.45670830995088,65.0,
TXN-10076,2025-01-20 00:00,Client 875,user_76@company.com,Melbourne,Electronics,SmartHub Hub,6,49.99,0.0,299.94,207.35905191425783,92.58094808574214,65.0,2.0
TXN-10077,2025-01-20 06:00,Client 134,user_77@company.com,Brisbane,Apparel,ErgoChair Pro,1,299.0,0.25,224.25,151.01976344362384,73.23023655637616,42.0,4.0
TXN-10078,2025-01-20 12:00,Client 305,user_78@company.com,Melbourne,Apparel,MicroTab 12,12,2450.0,0.0,29400.0,17087.167478549727,12312.832521450273,49.0,4.0
TXN-10079,2025-01-20 18:00,Client 180,user_79@company.com,Melbourne,Industrial,SmartHub Hub,8,899.0,0.0,7192.0,4643.868813622576,2548.1311863774235,61.0,5.0
TXN-10080,2025-01-21 00:00,Client 661,user_80@company.com,SYDNEY,Electronics,ProBook X,13,129.5,0.0,1683.5,1188.738214252925,494.761785747075,22.0,4.0
TXN-10081,2025-01-21 06:00,Client 971,user_81@company.com,Melbourne,Electronics,LaserJet Z,10,49.99,0.1,449.91,274.771189202059,175.138810797941,57.0,4.0
TXN-10082,2025-01-21 12:00,Client 487,,US,Industrial,SmartHub Hub,11,129.5,0.15,1210.825,741.4341173223452,469.3908826776549,42.0,4.0
TXN-10083,2025-01-21 18:00,Client 101,user_83@company.com,sydney,Furniture,SmartHub Hub,13,2450.0,0.0,31850.0,17537.507571526538,14312.492428473462,64.0,2.0
TXN-10084,2025-01-22 00:00,Client 489,user_84@company.com,Sydney,Furniture,ProBook X,7,899.0,0.15,5349.05,3128.3848335142443,2220.665166485756,56.0,4.0
TXN-10085,2025-01-22 06:00,Client 665,user_85@company.com,Sydney,Furniture,UltraDesk 2000,6,2450.0,0.0,14700.0,10658.692537858193,4041.3074621418073,34.0,3.0
TXN-10086,2025-01-22 12:00,Client 205,user_86@company.com,Sydney,Industrial,ErgoChair Pro,6,899.0,0.15,4584.9,2926.7676979019443,1658.132302098055,31.0,5.0
TXN-10087,2025-01-22 18:00,Client 871,user_87@company.com,Sydney,Electronics,MicroTab 12,5,1499.0,0.1,6745.5,5037.855762917175,1707.6442370828254,65.0,2.0
TXN-10088,2025-01-23 00:00,Client 921,user_88@company.com,Sydney,Industrial,UltraDesk 2000,6,899.0,0.1,89500.0,3054.230775993068,1800.369224006933,31.0,4.0
TXN-10089,2025-01-23 06:00,Client 576,user_89@company.com,Brisbane,Industrial,LaserJet Z,12,299.0,0.0,3588.0,2486.617799950301,1101.382200049699,67.0,4.0
TXN-10090,2025-01-23 12:00,Client 802,user_90@company.com,Sydney,Furniture,SmartHub Hub,9,2450.0,0.25,16537.5,10028.072234407393,6509.427765592607,34.0,4.0
TXN-10091,2025-01-23 18:00,Client 501,user_91@company.com,Sydney,Office Supplies,ProBook X,10,49.99,0.1,449.91,280.18681912914354,169.72318087085648,58.0,2.0
TXN-10092,2025-01-24 00:00,Client 829,user_92@company.com,Adelaide,Electronics,ProBook X,9,1499.0,0.0,13491.0,7934.666859717752,5556.333140282248,59.0,4.0
TXN-10093,2025-01-24 06:00,Client 655,user_93@company.com,Sydney,Furniture,ErgoChair Pro,10,299.0,0.1,,1666.8389667263746,1024.1610332736254,45.0,4.0
TXN-10094,2025-01-24 12:00,Client 261,user_94@company.com,Perth,Office Supplies,UltraDesk 2000,8,129.5,0.0,1036.0,683.1876142311573,352.81238576884266,23.0,5.0
TXN-10095,2025-01-24 18:00,Client 301,user_95@company.com,Sydney,Office Supplies,ErgoChair Pro,10,2450.0,0.15,20825.0,15584.484049278572,5240.515950721427,43.0,4.0
TXN-10096,2025-01-25 00:00,Client 369,user_96@company.com,Sydney,Apparel,SmartHub Hub,9,49.99,0.0,449.91,307.21669854562543,142.6933014543746,38.0,4.0
TXN-10097,2025-01-25 06:00,Client 962,user_97@company.com,Brisbane,Electronics,ErgoChair Pro,13,899.0,0.1,10518.3,6204.210744450596,4314.089255549406,57.0,4.0
TXN-10098,2025-01-25 12:00,Client 915,user_98@company.com,Brisbane,Office Supplies,MicroTab 12,10,49.99,0.05,474.905,265.4682326838072,209.43676731619288,35.0,4.0
TXN-10099,2025-01-25 18:00,Client 370,user_99@company.com,Adelaide,Furniture,ProBook X,8,129.5,0.0,1036.0,595.9810629283667,440.0189370716333,31.0,4.0
TXN-10100,2025-01-26 00:00,Client 555,user_100@company.com,Brisbane,Apparel,ProBook X,8,1499.0,0.0,11992.0,7944.832394733277,4047.1676052667226,56.0,4.0
TXN-10101,2025-01-26 06:00,Client 561,user_101@company.com,Perth,Electronics,LaserJet Z,1,1499.0,0.0,1499.0,1053.8450665792666,445.1549334207334,46.0,3.0
TXN-10102,2025-01-26 12:00,Client 826,user_102@company.com,Sydney,Industrial,LaserJet Z,10,2450.0,0.0,24500.0,18083.05411577366,6416.945884226341,24.0,1.0
TXN-10103,2025-01-26 18:00,Client 351,user_103@company.com,Sydney,Furniture,SmartHub Hub,11,1499.0,0.0,16489.0,9121.131656611116,7367.868343388884,59.0,3.0
TXN-10104,2025-01-27 00:00,Client 801,user_104@company.com,Perth,Office Supplies,MicroTab 12,5,2450.0,0.05,11637.5,7617.349229485253,4020.150770514747,38.0,2.0
TXN-10105,2025-01-27 06:00,Client 395,user_105@company.com,Perth,Office Supplies,UltraDesk 2000,4,2450.0,0.0,9800.0,6312.900018197427,3487.099981802573,33.0,4.0
TXN-10106,2025-01-27 12:00,Client 824,user_106@company.com,United States,Furniture,ErgoChair Pro,2,2450.0,0.0,4900.0,3337.93392153619,1562.0660784638098,45.0,4.0
TXN-10107,2025-01-27 18:00,Client 819,user_107@company.com,Melbourne,Office Supplies,SmartHub Hub,8,899.0,0.1,6472.8,4284.448401836653,2188.351598163348,50.0,3.0
TXN-10108,2025-01-28 00:00,Client 848,user_108@company.com,Melbourne,Apparel,LaserJet Z,3,299.0,0.0,897.0,616.604823614497,280.39517638550296,64.0,5.0
TXN-10109,2025-01-28 06:00,Client 437,user_109@company.com,Perth,Electronics,ErgoChair Pro,4,2450.0,0.15,8330.0,5677.865586192151,2652.1344138078493,46.0,1.0
TXN-10110,2025-01-28 12:00,Client 978,user_110@company.com,Sydney,Apparel,LaserJet Z,12,2450.0,0.15,24990.0,14329.324600840017,10660.675399159983,57.0,5.0
TXN-10111,2025-01-28 18:00,Client 152,user_111@company.com,SYDNEY,Office Supplies,ErgoChair Pro,7,299.0,0.05,1988.35,1411.616322708756,576.7336772912438,47.0,4.0
TXN-10112,2025-01-29 00:00,Client 891,user_112@company.com,Adelaide,Industrial,UltraDesk 2000,10,49.99,0.05,474.905,272.9025032741123,202.0024967258877,59.0,4.0
TXN-10113,2025-01-29 06:00,Client 316,user_113@company.com,Melbourne,Electronics,SmartHub Hub,9,2450.0,0.15,18742.5,12926.817048596453,5815.682951403549,22.0,2.0
TXN-10114,2025-01-29 12:00,Client 863,user_114@company.com,Perth,Electronics,ErgoChair Pro,2,899.0,0.0,1798.0,1138.5458742035623,659.4541257964377,41.0,4.0
TXN-10115,2025-01-29 18:00,Client 287,user_115@company.com,Perth,Furniture,MicroTab 12,3,1499.0,0.0,4497.0,2935.5073506781923,1561.4926493218077,49.0,4.0
TXN-10116,2025-01-30 00:00,Client 479,user_116@company.com,Sydney,Furniture,ProBook X,4,1499.0,0.0,5996.0,4381.034978839352,1614.9650211606477,37.0,5.0
TXN-10117,2025-01-30 06:00,Client 592,user_117@company.com,sydney,Industrial,MicroTab 12,10,129.5,0.1,1165.5,848.4568966409697,317.0431033590303,38.0,4.0
TXN-10118,2025-01-30 12:00,Client 140,user_118@company.com,Melbourne,Electronics,MicroTab 12,1,129.5,0.0,,92.40747831646526,37.09252168353474,61.0,5.0
TXN-10119,2025-01-30 18:00,Client 256,user_119@company.com,Perth,Industrial,ProBook X,7,1499.0,0.05,9968.35,6499.660021664359,3468.689978335641,49.0,3.0
TXN-10120,2025-01-31 00:00,Client 114,user_120@company.com,Sydney,Furniture,MicroTab 12,2,1499.0,0.25,2248.5,1567.7620426171848,680.7379573828152,33.0,
TXN-10121,2025-01-31 06:00,Client 912,user_121@company.com,Adelaide,Furniture,ErgoChair Pro,5,899.0,0.15,3820.75,2493.3427849746986,1327.4072150253014,48.0,4.0
TXN-10122,2025-01-31 12:00,Client 164,user_122@company.com,Melbourne,Electronics,ErgoChair Pro,1,299.0,0.05,284.05,205.62982154539213,78.42017845460788,63.0,5.0
TXN-10123,2025-01-31 18:00,Client 956,user_123@company.com,Sydney,Apparel,ErgoChair Pro,3,129.5,0.0,388.5,244.97068224219635,143.52931775780365,51.0,3.0
TXN-10124,2025-02-01 00:00,Client 938,user_124@company.com,sydney,Office Supplies,ProBook X,12,299.0,0.1,3229.2000000000003,2402.6767948369043,826.523205163096,62.0,4.0
TXN-10125,2025-02-01 06:00,Client 620,user_125@company.com,Sydney,Furniture,MicroTab 12,2,899.0,0.05,1708.1,1257.955100666149,450.1448993338509,55.0,4.0
TXN-10126,2025-02-01 12:00,Client 443,user_126@company.com,Sydney,Furniture,ProBook X,1,1499.0,0.0,1499.0,1046.7824653116454,452.2175346883546,58.0,5.0
TXN-10127,2025-02-01 18:00,Client 228,user_127@company.com,US,Apparel,ErgoChair Pro,7,2450.0,0.0,17150.0,10390.896482723929,6759.103517276073,27.0,4.0
TXN-10128,2025-02-02 00:00,Client 747,user_128@company.com,US,Apparel,MicroTab 12,5,299.0,0.15,1270.75,732.3722595918067,538.3777404081933,28.0,5.0
TXN-10129,2025-02-02 06:00,Client 571,user_129@company.com,Melbourne,Industrial,MicroTab 12,1,1499.0,0.05,1424.05,1026.6555896210434,397.3944103789565,53.0,2.0
TXN-10130,2025-02-02 12:00,Client 162,user_130@company.com,Brisbane,Industrial,LaserJet Z,6,1499.0,0.1,8094.6,4719.641177074468,3374.9588229255323,53.0,5.0
TXN-10131,2025-02-02 18:00,Client 238,user_131@company.com,Melbourne,Office Supplies,LaserJet Z,5,49.99,0.15,212.4575,153.15044731568028,59.30705268431973,46.0,5.0
TXN-10132,2025-02-03 00:00,Client 598,user_132@company.com,Sydney,Office Supplies,UltraDesk 2000,3,299.0,0.05,852.15,552.3235800939876,299.82641990601235,54.0,5.0
TXN-10133,2025-02-03 06:00,Client 692,user_133@company.com,Sydney,Electronics,SmartHub Hub,12,2450.0,0.05,27930.0,17632.52619435207,10297.47380564793,28.0,4.0
TXN-10134,2025-02-03 12:00,Client 491,user_134@company.com,Brisbane,Industrial,LaserJet Z,7,299.0,0.0,2093.0,1529.2256600200922,563.7743399799078,33.0,4.0
TXN-10135,2025-02-03 18:00,Client 774,user_135@company.com,Perth,Furniture,ProBook X,11,1499.0,0.0,16489.0,11060.329770221328,5428.670229778672,37.0,5.0
TXN-10136,2025-02-04 00:00,Client 518,user_136@company.com,Perth,Industrial,LaserJet Z,10,2450.0,0.0,24500.0,16300.408634935618,8199.591365064382,37.0,3.0
TXN-10137,2025-02-04 06:00,Client 388,user_137@company.com,Perth,Furniture,UltraDesk 2000,9,899.0,0.1,7281.900000000001,4818.820546432081,2463.07945356792,64.0,4.0
TXN-10138,2025-02-04 12:00,Client 478,user_138@company.com,Sydney,Apparel,MicroTab 12,14,49.99,0.05,664.867,415.0325225214716,249.8344774785284,57.0,4.0
TXN-10139,2025-02-04 18:00,Client 872,user_139@company.com,Melbourne,Industrial,UltraDesk 2000,13,1499.0,0.15,16563.95,11712.84311694026,4851.106883059741,34.0,5.0
TXN-10140,2025-02-05 00:00,Client 589,user_140@company.com,Sydney,Apparel,MicroTab 12,13,129.5,0.0,1683.5,1011.0422361001108,672.4577638998893,28.0,3.0
TXN-10141,2025-02-05 06:00,Client 330,user_141@company.com,Melbourne,Office Supplies,MicroTab 12,9,129.5,0.05,1107.225,816.8873444263401,290.33765557365984,57.0,4.0
TXN-10142,2025-02-05 12:00,Client 140,user_142@company.com,Melbourne,Office Supplies,SmartHub Hub,14,49.99,0.05,664.867,484.5531022647915,180.31389773520849,145.0,5.0
TXN-10143,2025-02-05 18:00,Client 127,user_143@company.com,Adelaide,Electronics,LaserJet Z,9,899.0,0.05,7686.45,4746.352629856764,2940.097370143236,53.0,2.0
TXN-10144,2025-02-06 00:00,Client 234,user_144@company.com,Melbourne,Industrial,ProBook X,2,1499.0,0.1,2698.2000000000003,1877.6578287519592,820.5421712480411,32.0,5.0
TXN-10145,2025-02-06 06:00,Client 300,user_145@company.com,Sydney,Apparel,ProBook X,3,299.0,0.0,897.0,596.1862410842567,300.8137589157433,29.0,1.0
TXN-10146,2025-02-06 12:00,Client 939,user_146@company.com,Sydney,Furniture,ErgoChair Pro,7,49.99,0.05,332.4335,205.2876128472325,127.14588715276749,54.0,4.0
TXN-10147,2025-02-06 18:00,Client 879,user_147@company.com,Perth,Office Supplies,MicroTab 12,5,899.0,0.0,4495.0,3360.9309615479065,1134.0690384520935,44.0,1.0
TXN-10148,2025-02-07 00:00,Client 132,user_148@company.com,Brisbane,Office Supplies,ProBook X,2,299.0,0.0,598.0,331.91838656345243,266.0816134365476,46.0,2.0
TXN-10149,2025-02-07 06:00,Client 147,user_149@company.com,Sydney,Furniture,SmartHub Hub,3,129.5,0.0,388.5,233.30559657927395,155.19440342072605,29.0,5.0
TXN-10150,2025-02-07 12:00,Client 602,user_150@company.com,Sydney,Apparel,MicroTab 12,10,129.5,0.05,1230.25,804.6017227363986,425.64827726360136,66.0,4.0
TXN-10151,2025-02-07 18:00,Client 506,user_151@company.com,Brisbane,Apparel,SmartHub Hub,6,299.0,0.25,1345.5,880.4825532360815,465.01744676391854,43.0,4.0
TXN-10152,2025-02-08 00:00,Client 673,user_152@company.com,Sydney,Industrial,ProBook X,13,49.99,0.05,617.3765,412.275763108826,205.100736891174,25.0,3.0
TXN-10153,2025-02-08 06:00,Client 827,user_153@company.com,Perth,Industrial,ProBook X,7,129.5,0.1,815.85,571.3685009889798,244.48149901102025,61.0,4.0
TXN-10154,2025-02-08 12:00,Client 904,user_154@company.com,Brisbane,Electronics,ErgoChair Pro,9,1499.0,0.05,12816.45,8647.201988191806,4169.248011808193,24.0,4.0
TXN-10155,2025-02-08 18:00,Client 198,user_155@company.com,Sydney,Office Supplies,ProBook X,1,2450.0,0.05,2327.5,1559.5560198758014,767.9439801241986,50.0,4.0
TXN-10156,2025-02-09 00:00,Client 783,user_156@company.com,Sydney,Industrial,MicroTab 12,11,299.0,0.0,3289.0,1844.1518137042,1444.8481862958,62.0,4.0
TXN-10157,2025-02-09 06:00,Client 971,user_157@company.com,USA,Apparel,MicroTab 12,7,299.0,0.0,2093.0,1308.7655784686003,784.2344215313997,50.0,5.0
TXN-10158,2025-02-09 12:00,Client 825,user_158@company.com,Melbourne,Furniture,MicroTab 12,8,129.5,0.0,1036.0,617.8819492660796,418.1180507339204,55.0,4.0
TXN-10159,2025-02-09 18:00,Client 646,user_159@company.com,Melbourne,Apparel,ErgoChair Pro,12,49.99,0.0,599.88,361.7720445095586,238.10795549044136,55.0,4.0
TXN-10160,2025-02-10 00:00,Client 838,user_160@company.com,Perth,Office Supplies,ErgoChair Pro,14,1499.0,0.0,20986.0,13868.965247301296,7117.034752698704,49.0,3.0
TXN-10161,2025-02-10 06:00,Client 712,user_161@company.com,SYDNEY,Apparel,ProBook X,3,49.99,0.0,149.97,88.46746241599868,61.50253758400132,34.0,5.0
TXN-10162,2025-02-10 12:00,Client 561,user_162@company.com,USA,Electronics,UltraDesk 2000,4,899.0,0.0,3596.0,2189.208193451353,1406.791806548647,36.0,4.0
TXN-10163,2025-02-10 18:00,Client 742,user_163@company.com,Perth,Office Supplies,UltraDesk 2000,10,899.0,0.25,6742.5,4028.083729435634,2714.416270564366,44.0,4.0
TXN-10164,2025-02-11 00:00,Client 868,user_164@company.com,Melbourne,Furniture,ErgoChair Pro,6,2450.0,0.0,14700.0,10873.598653061494,3826.4013469385054,65.0,3.0
TXN-10165,2025-02-11 06:00,Client 104,user_165@company.com,Sydney,Electronics,ProBook X,10,129.5,0.0,1295.0,956.9184246323136,338.0815753676864,47.0,5.0
TXN-10166,2025-02-11 12:00,Client 317,user_166@company.com,Perth,Office Supplies,UltraDesk 2000,7,129.5,0.0,906.5,609.1574045734642,297.3425954265358,25.0,3.0
TXN-10167,2025-02-11 18:00,Client 602,user_167@company.com,Melbourne,Furniture,ProBook X,13,129.5,0.05,1599.3249999999998,1175.351129460929,423.97387053907073,47.0,5.0
TXN-10168,2025-02-12 00:00,Client 866,user_168@company.com,Melbourne,Electronics,ProBook X,14,2450.0,0.0,34300.0,24255.67474791304,10044.32525208696,61.0,4.0
TXN-10169,2025-02-12 06:00,Client 497,user_169@company.com,sydney,Electronics,ProBook X,4,899.0,0.0,3596.0,2402.090517311061,1193.909482688939,30.0,3.0
TXN-10170,2025-02-12 12:00,Client 970,user_170@company.com,Sydney,Office Supplies,LaserJet Z,8,49.99,0.05,379.924,209.44717825854173,170.47682174145825,26.0,5.0
TXN-10171,2025-02-12 18:00,Client 894,user_171@company.com,Melbourne,Industrial,MicroTab 12,5,2450.0,0.0,12250.0,8630.16490089454,3619.835099105459,53.0,4.0
TXN-10172,2025-02-13 00:00,Client 492,user_172@company.com,Sydney,Electronics,ProBook X,1,2450.0,0.0,2450.0,1691.7192873783497,758.2807126216503,41.0,5.0
TXN-10173,2025-02-13 06:00,Client 306,user_173@company.com,Melbourne,Electronics,LaserJet Z,4,49.99,0.0,199.96,134.58322410207032,65.37677589792969,32.0,5.0
TXN-10174,2025-02-13 12:00,Client 114,user_174@company.com,Sydney,Furniture,ErgoChair Pro,3,129.5,0.0,388.5,272.75996901772805,115.74003098227196,36.0,5.0
TXN-10175,2025-02-13 18:00,Client 957,user_175@company.com,Sydney,Apparel,UltraDesk 2000,9,1499.0,0.0,13491.0,8804.016584995274,4686.983415004726,53.0,1.0
TXN-10176,2025-02-14 00:00,Client 653,user_176@company.com,Sydney,Office Supplies,MicroTab 12,8,49.99,0.0,399.92,276.27139637336603,123.648603626634,49.0,5.0
TXN-10177,2025-02-14 06:00,Client 991,user_177@company.com,Brisbane,Office Supplies,UltraDesk 2000,1,899.0,0.1,809.1,596.3345470740812,212.7654529259188,43.0,4.0
TXN-10178,2025-02-14 12:00,Client 560,user_178@company.com,Brisbane,Industrial,MicroTab 12,11,299.0,0.05,3124.55,1953.3468124523777,1171.203187547622,62.0,5.0
TXN-10179,2025-02-14 18:00,Client 790,user_179@company.com,Melbourne,Industrial,UltraDesk 2000,6,299.0,0.05,1704.3,1178.7354086442272,525.5645913557728,38.0,4.0
TXN-10180,2025-02-15 00:00,Client 674,user_180@company.com,US,Office Supplies,MicroTab 12,9,2450.0,0.0,22050.0,14225.283277428329,7824.716722571671,47.0,5.0
TXN-10181,2025-02-15 06:00,Client 963,user_181@company.com,Melbourne,Industrial,UltraDesk 2000,7,299.0,0.15,1779.05,1218.4356401119328,560.6143598880672,65.0,4.0
TXN-10182,2025-02-15 12:00,Client 842,user_182@company.com,Sydney,Furniture,UltraDesk 2000,4,1499.0,0.0,5996.0,4212.661687996793,1783.3383120032067,28.0,4.0
TXN-10183,2025-02-15 18:00,Client 340,user_183@company.com,Adelaide,Office Supplies,UltraDesk 2000,13,129.5,0.0,1683.5,941.2288568967324,742.2711431032675,63.0,2.0
TXN-10184,2025-02-16 00:00,Client 663,user_184@company.com,Sydney,Industrial,UltraDesk 2000,1,899.0,0.05,854.05,580.1733218308709,273.87667816912904,47.0,5.0
TXN-10185,2025-02-16 06:00,Client 195,user_185@company.com,US,Office Supplies,ErgoChair Pro,12,1499.0,0.0,17988.0,10709.124085022424,7278.875914977576,46.0,4.0
TXN-10186,2025-02-16 12:00,Client 833,user_186@company.com,Sydney,Apparel,ProBook X,2,899.0,0.0,1798.0,1229.8437005956011,568.1562994043989,31.0,4.0
TXN-10187,2025-02-16 18:00,Client 584,user_187@company.com,US,Electronics,SmartHub Hub,12,899.0,0.05,10248.6,6596.675748712257,3651.924251287744,66.0,5.0
TXN-10188,2025-02-17 00:00,Client 506,user_188@company.com,Sydney,Office Supplies,LaserJet Z,5,129.5,0.15,550.375,387.8550680607775,162.51993193922254,40.0,4.0
TXN-10189,2025-02-17 06:00,Client 330,user_189@company.com,Adelaide,Electronics,SmartHub Hub,12,2450.0,0.0,29400.0,16895.59679340891,12504.40320659109,32.0,3.0
TXN-10190,2025-02-17 12:00,Client 848,,Melbourne,Industrial,SmartHub Hub,11,299.0,0.1,2960.1,1998.8503586275008,961.2496413724994,34.0,4.0
TXN-10191,2025-02-17 18:00,Client 754,user_191@company.com,United States,Electronics,MicroTab 12,5,129.5,0.25,485.625,294.1402195470885,191.48478045291148,29.0,4.0
TXN-10192,2025-02-18 00:00,Client 270,user_192@company.com,Sydney,Office Supplies,ProBook X,8,1499.0,0.0,11992.0,8641.39201760089,3350.607982399109,61.0,4.0
TXN-10193,2025-02-18 06:00,Client 640,user_193@company.com,Melbourne,Apparel,MicroTab 12,6,2450.0,0.0,14700.0,10814.447506570745,3885.552493429257,25.0,1.0
TXN-10194,2025-02-18 12:00,Client 135,user_194@company.com,US,Industrial,ProBook X,8,1499.0,0.0,11992.0,8985.361667559846,3006.638332440154,52.0,3.0
TXN-10195,2025-02-18 18:00,Client 624,user_195@company.com,Melbourne,Office Supplies,ProBook X,2,2450.0,0.0,4900.0,3475.087254378738,1424.9127456212618,49.0,3.0
TXN-10196,2025-02-19 00:00,Client 259,user_196@company.com,Brisbane,Industrial,UltraDesk 2000,3,1499.0,0.0,4497.0,3151.258422942947,1345.7415770570528,32.0,5.0
TXN-10197,2025-02-19 06:00,Client 938,user_197@company.com,Brisbane,Furniture,ErgoChair Pro,6,129.5,0.15,660.4499999999999,391.7129952388148,268.7370047611851,64.0,1.0
TXN-10198,2025-02-19 12:00,Client 798,user_198@company.com,Melbourne,Electronics,UltraDesk 2000,12,2450.0,0.1,26460.0,16331.149356175656,10128.850643824344,22.0,4.0
TXN-10199,2025-02-19 18:00,Client 342,user_199@company.com,Brisbane,Furniture,ErgoChair Pro,13,2450.0,0.05,30257.5,19459.70290147444,10797.797098525563,59.0,5.0
TXN-10200,2025-02-20 00:00,Client 185,user_200@company.com,Melbourne,Office Supplies,MicroTab 12,10,899.0,0.0,8990.0,6335.039123912485,2654.960876087516,45.0,2.0
TXN-10201,2025-02-20 06:00,Client 895,user_201@company.com,sydney,Apparel,ErgoChair Pro,3,899.0,0.1,2427.3,1779.1943288607508,648.1056711392494,52.0,4.0
TXN-10202,2025-02-20 12:00,Client 677,user_202@company.com,Sydney,Industrial,MicroTab 12,6,49.99,0.25,224.955,132.2348072491341,92.72019275086588,62.0,5.0
TXN-10203,2025-02-20 18:00,Client 781,user_203@company.com,Sydney,Electronics,SmartHub Hub,6,1499.0,0.1,8094.6,5945.269168282123,2149.330831717877,67.0,5.0
TXN-10204,2025-02-21 00:00,Client 656,user_204@company.com,US,Industrial,SmartHub Hub,2,899.0,0.0,1798.0,1239.0466249865192,558.9533750134808,47.0,5.0
TXN-10205,2025-02-21 06:00,Client 673,user_205@company.com,Adelaide,Office Supplies,ErgoChair Pro,7,49.99,0.95,332.4335,223.4465553398369,108.98694466016303,26.0,5.0
TXN-10206,2025-02-21 12:00,Client 745,user_206@company.com,Melbourne,Industrial,ErgoChair Pro,12,899.0,0.0,10788.0,6364.577526917914,4423.422473082086,41.0,5.0
TXN-10207,2025-02-21 18:00,Client 895,user_207@company.com,Brisbane,Electronics,MicroTab 12,2,1499.0,0.0,2998.0,1682.1928096723668,1315.8071903276332,62.0,4.0
TXN-10208,2025-02-22 00:00,Client 127,user_208@company.com,Sydney,Office Supplies,UltraDesk 2000,6,2450.0,0.0,14700.0,9756.286801613343,4943.713198386657,32.0,5.0
TXN-10209,2025-02-22 06:00,Client 719,user_209@company.com,Sydney,Industrial,MicroTab 12,1,299.0,0.05,284.05,193.2401059699144,90.80989403008564,54.0,1.0
TXN-10210,2025-02-22 12:00,Client 655,user_210@company.com,Melbourne,Apparel,UltraDesk 2000,3,1499.0,0.05,4272.15,2529.780493772126,1742.3695062278734,59.0,5.0
TXN-10211,2025-02-22 18:00,Client 439,user_211@company.com,Melbourne,Office Supplies,SmartHub Hub,2,129.5,0.0,259.0,171.27443146175864,87.72556853824136,48.0,4.0
TXN-10212,2025-02-23 00:00,Client 897,user_212@company.com,Melbourne,Office Supplies,ProBook X,7,899.0,0.0,6293.0,4539.132596716976,1753.867403283024,55.0,4.0
TXN-10213,2025-02-23 06:00,Client 430,user_213@company.com,Sydney,Apparel,ErgoChair Pro,14,899.0,0.0,12586.0,9024.327997899376,3561.672002100624,36.0,3.0
TXN-10214,2025-02-23 12:00,Client 739,user_214@company.com,USA,Furniture,UltraDesk 2000,4,2450.0,0.0,9800.0,7207.616153949142,2592.3838460508578,53.0,5.0
TXN-10215,2025-02-23 18:00,Client 605,user_215@company.com,USA,Electronics,MicroTab 12,8,129.5,0.0,1036.0,645.6115397401857,390.3884602598144,42.0,2.0
TXN-10216,2025-02-24 00:00,Client 447,user_216@company.com,Brisbane,Furniture,SmartHub Hub,6,2450.0,0.0,14700.0,9020.0657432997,5679.934256700299,67.0,5.0
TXN-10217,2025-02-24 06:00,Client 572,user_217@company.com,Melbourne,Industrial,UltraDesk 2000,12,129.5,0.1,1398.6,978.859442392952,419.7405576070482,26.0,5.0
TXN-10218,2025-02-24 12:00,Client 330,user_218@company.com,Sydney,Apparel,MicroTab 12,10,299.0,0.0,2990.0,1902.3052182480087,1087.6947817519908,27.0,3.0
TXN-10219,2025-02-24 18:00,Client 289,user_219@company.com,Perth,Furniture,ErgoChair Pro,4,899.0,0.0,3596.0,2040.76499916878,1555.23500083122,59.0,5.0
TXN-10220,2025-02-25 00:00,Client 324,user_220@company.com,Brisbane,Office Supplies,ErgoChair Pro,5,899.0,0.0,4495.0,2726.48821647278,1768.5117835272204,43.0,5.0
TXN-10221,2025-02-25 06:00,Client 484,user_221@company.com,Sydney,Industrial,LaserJet Z,13,299.0,0.15,3303.95,2093.767488456353,1210.1825115436473,39.0,4.0
TXN-10222,2025-02-25 12:00,Client 476,user_222@company.com,sydney,Industrial,ProBook X,13,49.99,0.05,617.3765,375.6756283906079,241.7008716093921,35.0,4.0
TXN-10223,2025-02-25 18:00,Client 382,user_223@company.com,Perth,Furniture,LaserJet Z,9,2450.0,0.05,20947.5,12912.900239483804,8034.599760516196,31.0,3.0
TXN-10224,2025-02-26 00:00,Client 732,user_224@company.com,SYDNEY,Furniture,SmartHub Hub,7,299.0,0.0,2093.0,1274.1245943246,818.8754056754001,67.0,3.0
TXN-10225,2025-02-26 06:00,Client 727,user_225@company.com,Brisbane,Apparel,UltraDesk 2000,10,2450.0,0.05,23275.0,12994.428623237236,10280.571376762764,34.0,4.0
TXN-10226,2025-02-26 12:00,Client 844,user_226@company.com,Brisbane,Electronics,SmartHub Hub,14,1499.0,0.0,20986.0,14216.313878300349,6769.686121699651,52.0,5.0
TXN-10227,2025-02-26 18:00,Client 358,user_227@company.com,Melbourne,Furniture,MicroTab 12,14,899.0,0.05,11956.7,8004.514256488064,3952.185743511935,51.0,2.0
TXN-10228,2025-02-27 00:00,Client 458,user_228@company.com,SYDNEY,Furniture,ErgoChair Pro,9,2450.0,0.15,18742.5,12757.583044047333,5984.916955952667,24.0,5.0
TXN-10229,2025-02-27 06:00,Client 809,user_229@company.com,Adelaide,Office Supplies,LaserJet Z,7,129.5,0.05,861.175,506.7687449433518,354.4062550566481,51.0,4.0
TXN-10230,2025-02-27 12:00,Client 555,user_230@company.com,Sydney,Industrial,LaserJet Z,12,2450.0,0.15,,15222.1813989792,9767.8186010208,27.0,4.0
TXN-10231,2025-02-27 18:00,Client 510,user_231@company.com,Sydney,Electronics,LaserJet Z,1,1499.0,0.1,1349.1,909.189769408279,439.9102305917212,50.0,5.0
TXN-10232,2025-02-28 00:00,Client 748,user_232@company.com,Melbourne,Office Supplies,SmartHub Hub,12,899.0,0.0,10788.0,7227.156441709127,3560.8435582908733,29.0,5.0
TXN-10233,2025-02-28 06:00,Client 417,user_233@company.com,Perth,Apparel,ErgoChair Pro,8,299.0,0.15,2033.2,1324.1541569958194,709.0458430041806,65.0,4.0
TXN-10234,2025-02-28 12:00,Client 776,user_234@company.com,USA,Apparel,UltraDesk 2000,4,1499.0,0.0,5996.0,3718.015569412229,2277.984430587771,66.0,4.0
TXN-10235,2025-02-28 18:00,Client 324,user_235@company.com,Sydney,Furniture,MicroTab 12,3,899.0,0.05,2562.15,1876.9957347766945,685.1542652233056,64.0,4.0
TXN-10236,2025-03-01 00:00,Client 918,user_236@company.com,Melbourne,Furniture,UltraDesk 2000,14,2450.0,0.0,34300.0,21195.82386217007,13104.17613782993,65.0,1.0
TXN-10237,2025-03-01 06:00,Client 333,user_237@company.com,Melbourne,Apparel,SmartHub Hub,13,49.99,0.0,649.87,416.64714423877535,233.22285576122465,54.0,3.0
TXN-10238,2025-03-01 12:00,Client 783,user_238@company.com,US,Furniture,MicroTab 12,7,49.99,0.0,349.93,239.91997457316128,110.01002542683877,38.0,4.0
TXN-10239,2025-03-01 18:00,Client 763,user_239@company.com,Adelaide,Electronics,LaserJet Z,12,129.5,0.0,1554.0,1023.4710607133904,530.5289392866097,32.0,4.0
TXN-10240,2025-03-02 00:00,Client 926,user_240@company.com,Adelaide,Furniture,ProBook X,3,899.0,0.0,2697.0,1670.4602956509498,1026.5397043490502,34.0,5.0
TXN-10241,2025-03-02 06:00,Client 473,user_241@company.com,Melbourne,Industrial,SmartHub Hub,8,49.99,0.05,379.924,242.06058227387985,137.86341772612016,32.0,4.0
TXN-10242,2025-03-02 12:00,Client 771,user_242@company.com,Melbourne,Furniture,SmartHub Hub,6,299.0,0.0,1794.0,1271.759717445838,522.2402825541621,52.0,4.0
TXN-10243,2025-03-02 18:00,Client 707,user_243@company.com,Sydney,Office Supplies,ErgoChair Pro,5,899.0,0.0,4495.0,2722.2881107824646,1772.7118892175354,49.0,4.0
TXN-10244,2025-03-03 00:00,Client 571,user_244@company.com,Sydney,Electronics,UltraDesk 2000,4,299.0,0.05,1136.2,657.2360806868836,478.9639193131164,65.0,5.0
TXN-10245,2025-03-03 06:00,Client 332,user_245@company.com,Adelaide,Office Supplies,SmartHub Hub,8,299.0,0.0,2392.0,1465.4172757553654,926.5827242446346,27.0,5.0
TXN-10246,2025-03-03 12:00,Client 791,user_246@company.com,Perth,Office Supplies,SmartHub Hub,8,49.99,0.1,359.928,259.11463022242583,100.81336977757417,62.0,4.0
TXN-10247,2025-03-03 18:00,Client 212,user_247@company.com,United States,Industrial,LaserJet Z,12,899.0,0.05,10248.6,5819.133998335352,4429.4660016646485,37.0,5.0
TXN-10248,2025-03-04 00:00,Client 929,user_248@company.com,United States,Electronics,LaserJet Z,1,2450.0,0.1,2205.0,1650.0879683572514,554.9120316427486,25.0,3.0
TXN-10249,2025-03-04 06:00,Client 596,user_249@company.com,Melbourne,Electronics,MicroTab 12,9,1499.0,0.05,12816.45,8435.794820792287,4380.655179207712,56.0,4.0
TXN-10250,2025-03-04 12:00,Client 541,user_250@company.com,Perth,Electronics,ProBook X,14,49.99,0.0,699.86,522.773828474562,177.08617152543798,47.0,4.0
TXN-10251,2025-03-04 18:00,Client 663,user_251@company.com,SYDNEY,Electronics,ErgoChair Pro,5,49.99,0.05,237.4525,175.1922845830741,62.26021541692592,33.0,4.0
TXN-10252,2025-03-05 00:00,Client 367,user_252@company.com,Adelaide,Electronics,ProBook X,4,2450.0,0.0,9800.0,6277.514879853397,3522.485120146602,32.0,5.0
TXN-10253,2025-03-05 06:00,Client 609,user_253@company.com,Sydney,Industrial,MicroTab 12,6,899.0,0.0,5394.0,3180.8321712842508,2213.167828715749,58.0,5.0
TXN-10254,2025-03-05 12:00,Client 906,user_254@company.com,Melbourne,Furniture,LaserJet Z,6,899.0,0.1,4854.6,2830.1199272626245,2024.480072737376,46.0,2.0
TXN-10255,2025-03-05 18:00,Client 485,user_255@company.com,Sydney,Office Supplies,UltraDesk 2000,2,299.0,0.0,598.0,357.60272791884694,240.39727208115303,39.0,4.0
TXN-10256,2025-03-06 00:00,Client 486,user_256@company.com,US,Electronics,LaserJet Z,8,2450.0,0.1,17640.0,12207.347955911688,5432.652044088312,40.0,4.0
TXN-10257,2025-03-06 06:00,Client 212,user_257@company.com,Brisbane,Furniture,ErgoChair Pro,7,2450.0,0.1,15435.0,9331.846633736104,6103.153366263896,44.0,2.0
TXN-10258,2025-03-06 12:00,Client 712,user_258@company.com,Sydney,Furniture,LaserJet Z,1,899.0,0.15,764.15,472.46252395362495,291.687476046375,59.0,3.0
TXN-10259,2025-03-06 18:00,Client 724,user_259@company.com,Brisbane,Office Supplies,ErgoChair Pro,5,299.0,0.15,1270.75,812.9696330352314,457.78036696476863,39.0,4.0
TXN-10260,2025-03-07 00:00,Client 180,user_260@company.com,Brisbane,Industrial,ErgoChair Pro,12,49.99,0.0,599.88,439.5000040662447,160.3799959337553,47.0,3.0
TXN-10261,2025-03-07 06:00,Client 798,user_261@company.com,Melbourne,Apparel,ErgoChair Pro,6,129.5,0.0,777.0,456.7817371393051,320.2182628606949,27.0,3.0
TXN-10262,2025-03-07 12:00,Client 212,user_262@company.com,Sydney,Apparel,MicroTab 12,4,1499.0,0.05,5696.2,3138.636449795192,2557.563550204808,25.0,3.0
TXN-10263,2025-03-07 18:00,Client 101,user_263@company.com,Brisbane,Furniture,ErgoChair Pro,2,49.99,0.0,99.98,56.1906878219219,43.789312178078106,65.0,4.0
TXN-10264,2025-03-08 00:00,Client 741,user_264@company.com,Melbourne,Office Supplies,ErgoChair Pro,13,899.0,0.05,11102.65,8115.518304690952,2987.1316953090472,50.0,5.0
TXN-10265,2025-03-08 06:00,Client 319,user_265@company.com,Perth,Apparel,UltraDesk 2000,14,1499.0,0.1,18887.4,12834.050495616508,6053.349504383494,55.0,4.0
TXN-10266,2025-03-08 12:00,Client 665,user_266@company.com,Melbourne,Furniture,ProBook X,4,129.5,0.05,492.1,297.52765775424274,194.57234224575723,38.0,5.0
TXN-10267,2025-03-08 18:00,Client 954,user_267@company.com,Adelaide,Industrial,SmartHub Hub,1,129.5,0.0,129.5,75.81428577618985,53.68571422381015,64.0,4.0
TXN-10268,2025-03-09 00:00,Client 835,user_268@company.com,Melbourne,Apparel,ProBook X,7,299.0,0.0,2093.0,1274.330055956296,818.6699440437039,64.0,5.0
TXN-10269,2025-03-09 06:00,Client 324,user_269@company.com,Melbourne,Furniture,ErgoChair Pro,2,1499.0,0.0,2998.0,1717.7322375798676,1280.2677624201324,37.0,5.0
TXN-10270,2025-03-09 12:00,Client 484,user_270@company.com,Adelaide,Furniture,UltraDesk 2000,13,299.0,0.0,3887.0,2869.7976844551245,1017.2023155448755,23.0,4.0
TXN-10271,2025-03-09 18:00,Client 502,user_271@company.com,Melbourne,Electronics,LaserJet Z,2,49.99,0.15,84.983,60.0694886632167,24.9135113367833,55.0,4.0
TXN-10272,2025-03-10 00:00,Client 737,user_272@company.com,Sydney,Industrial,UltraDesk 2000,9,2450.0,0.0,22050.0,14166.645090184304,7883.354909815695,29.0,5.0
TXN-10273,2025-03-10 06:00,Client 229,user_273@company.com,Sydney,Electronics,ErgoChair Pro,5,2450.0,0.0,12250.0,8856.658382532245,3393.341617467755,34.0,3.0
TXN-10274,2025-03-10 12:00,Client 152,user_274@company.com,Perth,Office Supplies,UltraDesk 2000,2,2450.0,0.0,4900.0,2939.469040207368,1960.530959792632,63.0,4.0
TXN-10275,2025-03-10 18:00,Client 783,user_275@company.com,Brisbane,Electronics,UltraDesk 2000,11,1499.0,0.05,15664.55,10862.176700172218,4802.373299827781,29.0,4.0
TXN-10276,2025-03-11 00:00,Client 829,user_276@company.com,Brisbane,Electronics,ErgoChair Pro,9,2450.0,0.05,20947.5,15107.89210461808,5839.6078953819215,51.0,4.0
TXN-10277,2025-03-11 06:00,Client 771,user_277@company.com,Sydney,Apparel,MicroTab 12,9,49.99,0.0,449.91,279.5532622092854,170.35673779071465,53.0,1.0
TXN-10278,2025-03-11 12:00,Client 809,user_278@company.com,Sydney,Furniture,UltraDesk 2000,1,299.0,0.0,299.0,209.7463738379529,89.25362616204708,57.0,5.0
TXN-10279,2025-03-11 18:00,Client 515,user_279@company.com,Sydney,Industrial,SmartHub Hub,11,1499.0,0.0,16489.0,10042.03959340384,6446.960406596159,51.0,4.0
TXN-10280,2025-03-12 00:00,Client 346,user_280@company.com,Melbourne,Electronics,SmartHub Hub,3,299.0,0.0,897.0,546.9649700654702,350.0350299345298,22.0,
TXN-10281,2025-03-12 06:00,Client 935,user_281@company.com,Melbourne,Industrial,UltraDesk 2000,4,1499.0,0.05,5696.2,3254.8738200960715,2441.3261799039283,64.0,5.0
TXN-10282,2025-03-12 12:00,Client 538,user_282@company.com,Melbourne,Electronics,MicroTab 12,14,299.0,0.05,3976.7,2537.180766710785,1439.5192332892148,60.0,4.0
TXN-10283,2025-03-12 18:00,Client 302,user_283@company.com,Melbourne,Office Supplies,LaserJet Z,7,129.5,0.0,906.5,630.8717686479827,275.62823135201734,38.0,5.0
TXN-10284,2025-03-13 00:00,Client 283,user_284@company.com,sydney,Electronics,ErgoChair Pro,10,299.0,0.0,2990.0,2206.752041731628,783.2479582683718,41.0,4.0
TXN-10285,2025-03-13 06:00,Client 222,user_285@company.com,Sydney,Apparel,SmartHub Hub,4,2450.0,0.25,7350.0,4930.081578135771,2419.9184218642285,45.0,2.0
TXN-10286,2025-03-13 12:00,Client 500,user_286@company.com,Melbourne,Furniture,LaserJet Z,2,129.5,0.0,259.0,187.16042085471128,71.83957914528872,43.0,5.0
TXN-10287,2025-03-13 18:00,Client 866,user_287@company.com,Perth,Office Supplies,UltraDesk 2000,7,299.0,0.05,1988.35,1420.6739471832443,567.6760528167554,50.0,4.0
TXN-10288,2025-03-14 00:00,Client 393,user_288@company.com,Melbourne,Electronics,LaserJet Z,6,1499.0,0.0,8994.0,5258.509483691936,3735.490516308064,43.0,5.0
TXN-10289,2025-03-14 06:00,Client 379,user_289@company.com,Brisbane,Industrial,ProBook X,3,1499.0,0.0,4497.0,2910.2941955640213,1586.7058044359787,65.0,5.0
TXN-10290,2025-03-14 12:00,Client 936,user_290@company.com,Adelaide,Office Supplies,SmartHub Hub,6,1499.0,0.0,8994.0,5157.022055703075,3836.9779442969248,30.0,5.0
TXN-10291,2025-03-14 18:00,Client 983,user_291@company.com,SYDNEY,Office Supplies,UltraDesk 2000,11,899.0,0.05,9394.55,6448.706896789771,2945.843103210228,58.0,4.0
TXN-10292,2025-03-15 00:00,Client 709,user_292@company.com,Sydney,Electronics,ErgoChair Pro,6,49.99,0.25,224.955,166.4621859740592,58.49281402594079,31.0,5.0
TXN-10293,2025-03-15 06:00,Client 297,user_293@company.com,sydney,Office Supplies,MicroTab 12,12,1499.0,0.0,17988.0,10386.593034384134,7601.406965615866,57.0,4.0
TXN-10294,2025-03-15 12:00,Client 610,user_294@company.com,Melbourne,Industrial,UltraDesk 2000,5,129.5,0.0,647.5,451.1628654389291,196.3371345610709,58.0,4.0
TXN-10295,2025-03-15 18:00,Client 851,user_295@company.com,Sydney,Office Supplies,ErgoChair Pro,4,1499.0,0.0,5996.0,4055.979990520739,1940.0200094792608,49.0,5.0
TXN-10296,2025-03-16 00:00,Client 243,user_296@company.com,Melbourne,Industrial,MicroTab 12,10,899.0,0.0,8990.0,5993.821856540564,2996.178143459436,49.0,3.0
TXN-10297,2025-03-16 06:00,Client 708,user_297@company.com,USA,Electronics,MicroTab 12,12,2450.0,0.0,29400.0,18463.90697996744,10936.093020032564,63.0,5.0
TXN-10298,2025-03-16 12:00,Client 300,user_298@company.com,Melbourne,Furniture,UltraDesk 2000,1,129.5,0.0,129.5,80.42290967682375,49.07709032317625,64.0,5.0
TXN-10299,2025-03-16 18:00,Client 223,user_299@company.com,Sydney,Office Supplies,LaserJet Z,10,899.0,0.1,8091.0,4523.272237670364,3567.727762329636,42.0,5.0
TXN-10300,2025-03-17 00:00,Client 286,user_300@company.com,Brisbane,Furniture,LaserJet Z,6,2450.0,0.0,14700.0,8725.651602260921,5974.348397739079,45.0,4.0
TXN-10301,2025-03-17 06:00,Client 425,user_301@company.com,Sydney,Industrial,MicroTab 12,2,129.5,0.0,259.0,143.23616250245766,115.76383749754234,63.0,5.0
TXN-10302,2025-03-17 12:00,Client 563,user_302@company.com,Sydney,Office Supplies,LaserJet Z,13,299.0,0.15,3303.95,2201.3671091975434,1102.5828908024564,61.0,4.0
TXN-10303,2025-03-17 18:00,Client 448,user_303@company.com,Sydney,Apparel,ProBook X,3,49.99,0.0,149.97,85.65846195692201,64.31153804307799,23.0,5.0
TXN-10304,2025-03-18 00:00,Client 870,user_304@company.com,Sydney,Furniture,MicroTab 12,14,49.99,0.25,524.895,380.3409529658456,144.5540470341544,29.0,3.0
TXN-10305,2025-03-18 06:00,Client 759,user_305@company.com,Sydney,Office Supplies,MicroTab 12,8,899.0,0.0,7192.0,4708.088920970802,2483.911079029198,48.0,2.0
TXN-10306,2025-03-18 12:00,Client 863,user_306@company.com,Sydney,Furniture,ErgoChair Pro,10,2450.0,0.15,20825.0,14367.958471229522,6457.041528770478,43.0,3.0
TXN-10307,2025-03-18 18:00,Client 502,user_307@company.com,Brisbane,Office Supplies,LaserJet Z,14,49.99,0.05,664.867,420.30991441614304,244.5570855838569,58.0,4.0
TXN-10308,2025-03-19 00:00,Client 445,user_308@company.com,Sydney,Electronics,MicroTab 12,14,2450.0,0.1,30870.0,20439.51974077248,10430.480259227526,48.0,4.0
TXN-10309,2025-03-19 06:00,Client 610,user_309@company.com,Sydney,Furniture,ProBook X,6,2450.0,0.25,11025.0,8142.313485211421,2882.686514788579,50.0,5.0
TXN-10310,2025-03-19 12:00,Client 246,,Adelaide,Apparel,ErgoChair Pro,3,899.0,0.0,2697.0,1527.9767409730082,1169.0232590269918,24.0,4.0
TXN-10311,2025-03-19 18:00,Client 247,user_311@company.com,Melbourne,Apparel,UltraDesk 2000,7,899.0,0.25,4719.75,2835.5670598073734,1884.1829401926263,65.0,4.0
TXN-10312,2025-03-20 00:00,Client 963,user_312@company.com,Brisbane,Industrial,MicroTab 12,4,899.0,0.0,3596.0,2538.7676047140635,1057.2323952859365,34.0,1.0
TXN-10313,2025-03-20 06:00,Client 810,user_313@company.com,Sydney,Office Supplies,ProBook X,14,49.99,0.0,699.86,398.7434443217805,301.11655567821947,66.0,4.0
TXN-10314,2025-03-20 12:00,Client 919,user_314@company.com,Sydney,Furniture,SmartHub Hub,9,899.0,0.0,8091.0,4572.484798337633,3518.515201662367,31.0,4.0
TXN-10315,2025-03-20 18:00,Client 588,user_315@company.com,Sydney,Industrial,ProBook X,5,49.99,0.05,237.4525,147.76865679752868,89.68384320247134,57.0,1.0
TXN-10316,2025-03-21 00:00,Client 739,user_316@company.com,Sydney,Furniture,ProBook X,3,899.0,0.0,2697.0,1533.0653968000302,1163.9346031999698,30.0,3.0
TXN-10317,2025-03-21 06:00,Client 650,user_317@company.com,Sydney,Office Supplies,ErgoChair Pro,2,1499.0,0.05,2848.1,1899.7273822494967,948.3726177505029,48.0,3.0
TXN-10318,2025-03-21 12:00,Client 437,user_318@company.com,Sydney,Apparel,UltraDesk 2000,11,2450.0,0.05,25602.5,15240.0174218064,10362.4825781936,55.0,1.0
TXN-10319,2025-03-21 18:00,Client 971,user_319@company.com,Sydney,Electronics,SmartHub Hub,2,899.0,0.1,1618.2,1179.893688809845,438.3063111901552,22.0,4.0
TXN-10320,2025-03-22 00:00,Client 740,user_320@company.com,Sydney,Apparel,LaserJet Z,3,129.5,0.1,349.65000000000003,247.09766065350885,102.5523393464912,53.0,3.0
TXN-10321,2025-03-22 06:00,Client 878,user_321@company.com,Melbourne,Industrial,LaserJet Z,2,2450.0,0.0,4900.0,3380.7111019774866,1519.2888980225134,46.0,5.0
TXN-10322,2025-03-22 12:00,Client 572,user_322@company.com,Sydney,Electronics,ProBook X,14,2450.0,0.0,34300.0,23097.23602785768,11202.763972142318,50.0,5.0
TXN-10323,2025-03-22 18:00,Client 250,user_323@company.com,Melbourne,Industrial,ErgoChair Pro,4,899.0,0.0,3596.0,2598.8045532615806,997.1954467384194,28.0,4.0
TXN-10324,2025-03-23 00:00,Client 514,user_324@company.com,Melbourne,Office Supplies,ErgoChair Pro,2,299.0,0.0,598.0,355.5782225605138,242.42177743948625,24.0,5.0
TXN-10325,2025-03-23 06:00,Client 397,user_325@company.com,Brisbane,Electronics,LaserJet Z,10,899.0,0.0,8990.0,6514.349699290082,2475.650300709918,41.0,4.0
TXN-10326,2025-03-23 12:00,Client 710,user_326@company.com,Sydney,Industrial,SmartHub Hub,9,2450.0,0.0,22050.0,15609.16103605007,6440.838963949929,41.0,4.0
TXN-10327,2025-03-23 18:00,Client 362,user_327@company.com,Perth,Office Supplies,UltraDesk 2000,2,129.5,0.0,259.0,181.2047308068821,77.79526919311789,51.0,5.0
TXN-10328,2025-03-24 00:00,Client 863,user_328@company.com,Brisbane,Apparel,SmartHub Hub,9,2450.0,0.25,16537.5,10951.978155232811,5585.521844767189,56.0,3.0
TXN-10329,2025-03-24 06:00,Client 243,user_329@company.com,Sydney,Office Supplies,MicroTab 12,13,129.5,0.05,1599.3249999999998,958.393638548861,640.9313614511389,56.0,5.0
TXN-10330,2025-03-24 12:00,Client 445,user_330@company.com,Adelaide,Furniture,MicroTab 12,6,49.99,0.0,299.94,190.3747923845219,109.5652076154781,60.0,1.0
TXN-10331,2025-03-24 18:00,Client 723,user_331@company.com,sydney,Office Supplies,UltraDesk 2000,1,1499.0,0.05,1424.05,1009.244358119196,414.8056418808038,48.0,4.0
TXN-10332,2025-03-25 00:00,Client 671,user_332@company.com,Sydney,Office Supplies,LaserJet Z,4,2450.0,0.0,9800.0,5452.285829340356,4347.714170659644,47.0,2.0
TXN-10333,2025-03-25 06:00,Client 980,user_333@company.com,Sydney,Furniture,UltraDesk 2000,14,899.0,0.0,12586.0,8890.878196390731,3695.1218036092687,35.0,5.0
TXN-10334,2025-03-25 12:00,Client 101,user_334@company.com,Perth,Industrial,ErgoChair Pro,1,49.99,0.05,47.4905,28.39999090022496,19.090509099775044,38.0,4.0
TXN-10335,2025-03-25 18:00,Client 996,user_335@company.com,Brisbane,Industrial,MicroTab 12,14,1499.0,0.0,20986.0,12147.994577268712,8838.005422731287,39.0,5.0
TXN-10336,2025-03-26 00:00,Client 403,user_336@company.com,Sydney,Office Supplies,ProBook X,6,899.0,0.0,5394.0,3091.5185820529105,2302.481417947089,66.0,4.0
TXN-10337,2025-03-26 06:00,Client 353,user_337@company.com,Sydney,Furniture,ProBook X,14,299.0,0.25,3139.5,1743.835282503917,1395.664717496083,50.0,4.0
TXN-10338,2025-03-26 12:00,Client 751,user_338@company.com,Melbourne,Furniture,LaserJet Z,13,899.0,0.15,9933.95,6503.92889297313,3430.021107026869,41.0,1.0
TXN-10339,2025-03-26 18:00,Client 552,user_339@company.com,Melbourne,Apparel,ErgoChair Pro,4,129.5,0.05,492.1,292.13613667051686,199.9638633294831,48.0,4.0
TXN-10340,2025-03-27 00:00,Client 136,user_340@company.com,Brisbane,Industrial,SmartHub Hub,3,129.5,0.05,369.075,276.0261557910235,93.0488442089765,39.0,5.0
TXN-10341,2025-03-27 06:00,Client 259,user_341@company.com,Melbourne,Electronics,ErgoChair Pro,3,299.0,0.05,852.15,566.5837563033001,285.56624369669987,25.0,4.0
TXN-10342,2025-03-27 12:00,Client 108,user_342@company.com,Melbourne,Industrial,ProBook X,9,49.99,0.0,449.91,259.85769230719256,190.05230769280743,22.0,5.0
TXN-10343,2025-03-27 18:00,Client 332,user_343@company.com,Brisbane,Industrial,ProBook X,6,1499.0,0.0,8994.0,6185.646058411484,2808.353941588516,22.0,5.0
TXN-10344,2025-03-28 00:00,Client 198,user_344@company.com,Sydney,Apparel,MicroTab 12,9,899.0,0.0,8091.0,5902.778639326038,2188.2213606739624,47.0,4.0
TXN-10345,2025-03-28 06:00,Client 758,user_345@company.com,Sydney,Electronics,ErgoChair Pro,13,129.5,0.0,1683.5,1176.8269360909492,506.6730639090508,66.0,4.0
TXN-10346,2025-03-28 12:00,Client 915,user_346@company.com,Brisbane,Apparel,ErgoChair Pro,5,49.99,0.05,237.4525,134.2290422206939,103.2234577793061,41.0,2.0
TXN-10347,2025-03-28 18:00,Client 307,user_347@company.com,Adelaide,Electronics,ProBook X,2,299.0,0.0,598.0,436.04774807064206,161.95225192935794,44.0,2.0
TXN-10348,2025-03-29 00:00,Client 230,user_348@company.com,Melbourne,Office Supplies,SmartHub Hub,8,2450.0,0.25,14700.0,10419.152394428296,4280.847605571704,31.0,1.0
TXN-10349,2025-03-29 06:00,Client 503,user_349@company.com,Melbourne,Electronics,LaserJet Z,5,129.5,0.15,550.375,320.1315518041255,230.2434481958745,32.0,4.0
TXN-10350,2025-03-29 12:00,Client 251,user_350@company.com,Sydney,Apparel,LaserJet Z,2,299.0,0.1,538.2,301.5842330632005,236.6157669367996,62.0,4.0
TXN-10351,2025-03-29 18:00,Client 153,user_351@company.com,Melbourne,Industrial,ErgoChair Pro,4,899.0,0.05,3416.2,2259.686877477748,1156.5131225222517,62.0,4.0
TXN-10352,2025-03-30 00:00,Client 219,user_352@company.com,Melbourne,Electronics,LaserJet Z,9,1499.0,0.15,11467.35,6664.905952233898,4802.444047766103,26.0,4.0
TXN-10353,2025-03-30 06:00,Client 772,user_353@company.com,Sydney,Electronics,ProBook X,4,129.5,0.0,518.0,371.36362268887024,146.63637731112976,22.0,4.0
TXN-10354,2025-03-30 12:00,Client 727,user_354@company.com,Sydney,Furniture,ProBook X,13,129.5,0.1,1515.15,941.9186510112174,573.2313489887827,38.0,4.0
TXN-10355,2025-03-30 18:00,Client 686,user_355@company.com,Melbourne,Industrial,ErgoChair Pro,12,899.0,0.0,10788.0,7903.056738763635,2884.9432612363653,43.0,5.0
TXN-10356,2025-03-31 00:00,Client 724,user_356@company.com,Sydney,Office Supplies,ErgoChair Pro,12,2450.0,0.1,26460.0,17546.621806970204,8913.378193029796,55.0,1.0
TXN-10357,2025-03-31 06:00,Client 519,user_357@company.com,Sydney,Apparel,MicroTab 12,12,49.99,0.0,599.88,351.85030197153844,248.02969802846155,66.0,3.0
TXN-10358,2025-03-31 12:00,Client 521,user_358@company.com,Sydney,Office Supplies,ErgoChair Pro,13,1499.0,0.15,16563.95,9572.634231800874,6991.315768199127,62.0,5.0
TXN-10359,2025-03-31 18:00,Client 203,user_359@company.com,Sydney,Industrial,SmartHub Hub,14,129.5,0.15,1541.05,1025.2520699796753,515.7979300203247,50.0,4.0
TXN-10360,2025-04-01 00:00,Client 951,user_360@company.com,Sydney,Electronics,LaserJet Z,4,1499.0,0.0,5996.0,4211.450827345443,1784.549172654557,25.0,4.0
TXN-10361,2025-04-01 06:00,Client 353,user_361@company.com,Adelaide,Electronics,ErgoChair Pro,2,129.5,0.0,259.0,182.93199255304503,76.06800744695494,26.0,4.0
TXN-10362,2025-04-01 12:00,Client 326,user_362@company.com,Melbourne,Industrial,UltraDesk 2000,13,1499.0,0.25,14615.25,8844.440181052089,5770.809818947912,32.0,4.0
TXN-10363,2025-04-01 18:00,Client 211,user_363@company.com,Brisbane,Electronics,MicroTab 12,12,299.0,0.0,3588.0,2119.967474195372,1468.0325258046282,42.0,3.0
TXN-10364,2025-04-02 00:00,Client 609,user_364@company.com,Perth,Electronics,UltraDesk 2000,6,129.5,0.15,660.4499999999999,365.4608402603988,294.9891597396011,56.0,3.0
TXN-10365,2025-04-02 06:00,Client 572,user_365@company.com,Melbourne,Electronics,ProBook X,13,1499.0,0.05,18512.65,12696.712733296865,5815.937266703133,33.0,4.0
TXN-10366,2025-04-02 12:00,Client 198,user_366@company.com,Sydney,Apparel,LaserJet Z,11,49.99,0.0,549.89,310.8603239260038,239.0296760739962,47.0,4.0
TXN-10367,2025-04-02 18:00,Client 252,user_367@company.com,Melbourne,Apparel,ErgoChair Pro,14,299.0,0.0,4186.0,2654.561278118433,1531.4387218815668,40.0,5.0
TXN-10368,2025-04-03 00:00,Client 960,user_368@company.com,Melbourne,Furniture,UltraDesk 2000,2,299.0,0.0,598.0,400.8611868165882,197.1388131834118,66.0,5.0
TXN-10369,2025-04-03 06:00,Client 995,user_369@company.com,Brisbane,Office Supplies,LaserJet Z,12,49.99,0.1,539.892,398.1281244981149,141.76387550188514,28.0,4.0
TXN-10370,2025-04-03 12:00,Client 977,user_370@company.com,Melbourne,Industrial,ProBook X,7,1499.0,0.0,10493.0,6425.497964615377,4067.502035384623,28.0,5.0
TXN-10371,2025-04-03 18:00,Client 437,user_371@company.com,Sydney,Industrial,SmartHub Hub,3,899.0,0.05,2562.15,1537.1732492024703,1024.9767507975298,47.0,4.0
TXN-10372,2025-04-04 00:00,Client 805,user_372@company.com,Sydney,Industrial,MicroTab 12,3,49.99,0.0,149.97,102.10437966765724,47.86562033234277,61.0,4.0
TXN-10373,2025-04-04 06:00,Client 921,user_373@company.com,Melbourne,Furniture,LaserJet Z,5,1499.0,0.05,7120.25,4797.964843595903,2322.285156404097,26.0,5.0
TXN-10374,2025-04-04 12:00,Client 262,user_374@company.com,Brisbane,Apparel,LaserJet Z,3,49.99,0.15,127.4745,78.5780807144623,48.89641928553769,42.0,4.0
TXN-10375,2025-04-04 18:00,Client 819,user_375@company.com,Melbourne,Furniture,SmartHub Hub,2,49.99,0.25,74.985,55.16049322714027,19.824506772859728,35.0,4.0
TXN-10376,2025-04-05 00:00,Client 780,user_376@company.com,Melbourne,Industrial,LaserJet Z,10,129.5,0.0,1295.0,931.0693428198148,363.9306571801851,25.0,3.0
TXN-10377,2025-04-05 06:00,Client 260,user_377@company.com,USA,Office Supplies,ProBook X,9,1499.0,0.1,12141.9,7221.959734727847,4919.940265272153,44.0,4.0
TXN-10378,2025-04-05 12:00,Client 679,user_378@company.com,Brisbane,Electronics,ProBook X,2,899.0,0.1,1618.2,967.4060934044292,650.7939065955709,63.0,5.0
TXN-10379,2025-04-05 18:00,Client 900,user_379@company.com,Sydney,Apparel,SmartHub Hub,14,129.5,0.05,1722.35,1123.7646004921928,598.5853995078071,41.0,5.0
TXN-10380,2025-04-06 00:00,Client 497,user_380@company.com,Sydney,Apparel,MicroTab 12,11,49.99,0.25,412.4175,290.63655945310586,121.78094054689416,36.0,5.0
TXN-10381,2025-04-06 06:00,Client 376,user_381@company.com,Sydney,Furniture,ErgoChair Pro,2,2450.0,0.0,4900.0,2738.159571800695,2161.840428199305,66.0,5.0
TXN-10382,2025-04-06 12:00,Client 915,user_382@company.com,Sydney,Apparel,UltraDesk 2000,13,49.99,0.0,649.87,447.5440432715148,202.3259567284852,50.0,4.0
TXN-10383,2025-04-06 18:00,Client 603,user_383@company.com,Sydney,Industrial,ErgoChair Pro,8,49.99,0.15,339.932,231.0338250137782,108.89817498622182,29.0,4.0
TXN-10384,2025-04-07 00:00,Client 995,user_384@company.com,Sydney,Industrial,LaserJet Z,9,1499.0,0.0,13491.0,8044.629594792425,5446.370405207575,62.0,2.0
TXN-10385,2025-04-07 06:00,Client 491,user_385@company.com,Sydney,Furniture,UltraDesk 2000,7,1499.0,0.1,9443.7,6480.933690229465,2962.766309770536,40.0,4.0
TXN-10386,2025-04-07 12:00,Client 234,user_386@company.com,Sydney,Industrial,SmartHub Hub,3,129.5,0.15,330.225,243.71814886624372,86.50685113375619,60.0,4.0
TXN-10387,2025-04-07 18:00,Client 294,user_387@company.com,Adelaide,Office Supplies,SmartHub Hub,9,899.0,0.0,8091.0,4525.758854333316,3565.241145666684,67.0,5.0
TXN-10388,2025-04-08 00:00,Client 500,user_388@company.com,Sydney,Furniture,MicroTab 12,3,129.5,0.15,330.225,202.73516999176425,127.48983000823571,49.0,4.0
TXN-10389,2025-04-08 06:00,Client 739,user_389@company.com,Melbourne,Office Supplies,UltraDesk 2000,5,299.0,0.0,1495.0,953.2648382832402,541.7351617167598,67.0,4.0
TXN-10390,2025-04-08 12:00,Client 132,user_390@company.com,Melbourne,Electronics,ProBook X,9,49.99,0.05,427.4145,311.94935833592336,115.4651416640766,48.0,4.0
TXN-10391,2025-04-08 18:00,Client 787,user_391@company.com,USA,Office Supplies,UltraDesk 2000,12,2450.0,0.05,27930.0,20736.692440758747,7193.307559241253,25.0,4.0
TXN-10392,2025-04-09 00:00,Client 559,user_392@company.com,Sydney,Electronics,LaserJet Z,14,49.99,0.15,594.881,380.0236943901969,214.85730560980303,36.0,5.0
TXN-10393,2025-04-09 06:00,Client 982,user_393@company.com,Melbourne,Electronics,ProBook X,14,49.99,0.0,699.86,489.9059769043668,209.9540230956333,56.0,3.0
TXN-10394,2025-04-09 12:00,Client 569,user_394@company.com,US,Office Supplies,SmartHub Hub,3,129.5,0.0,388.5,254.9850615465004,133.51493845349964,58.0,4.0
TXN-10395,2025-04-09 18:00,Client 474,user_395@company.com,Adelaide,Furniture,UltraDesk 2000,7,2450.0,0.05,16292.5,10713.240692854775,5579.259307145225,22.0,5.0
TXN-10396,2025-04-10 00:00,Client 121,user_396@company.com,Perth,Industrial,ErgoChair Pro,12,2450.0,0.1,26460.0,16024.702633731158,10435.297366268842,24.0,4.0
TXN-10397,2025-04-10 06:00,Client 849,user_397@company.com,Sydney,Industrial,MicroTab 12,1,2450.0,0.05,2327.5,1381.118132449636,946.381867550364,45.0,3.0
TXN-10398,2025-04-10 12:00,Client 769,user_398@company.com,Sydney,Electronics,ErgoChair Pro,4,129.5,0.0,518.0,314.73735383773067,203.26264616226933,48.0,4.0
TXN-10399,2025-04-10 18:00,Client 137,user_399@company.com,Brisbane,Electronics,MicroTab 12,4,49.99,0.0,199.96,132.22666966622512,67.73333033377489,61.0,5.0
TXN-10400,2025-04-11 00:00,Client 329,user_400@company.com,sydney,Furniture,LaserJet Z,7,129.5,0.0,906.5,503.8608352258048,402.6391647741953,57.0,2.0
TXN-10401,2025-04-11 06:00,Client 464,user_401@company.com,Melbourne,Apparel,ErgoChair Pro,8,1499.0,0.1,10792.8,7894.391281329965,2898.4087186700363,55.0,5.0
TXN-10402,2025-04-11 12:00,Client 662,user_402@company.com,Melbourne,Office Supplies,UltraDesk 2000,1,1499.0,0.0,1499.0,871.3038561230229,627.6961438769771,50.0,5.0
TXN-10403,2025-04-11 18:00,Client 537,user_403@company.com,Sydney,Electronics,UltraDesk 2000,5,129.5,0.0,647.5,384.6264836548446,262.8735163451554,45.0,4.0
TXN-10404,2025-04-12 00:00,Client 875,user_404@company.com,Perth,Industrial,ErgoChair Pro,7,2450.0,0.25,12862.5,8407.64046391157,4454.85953608843,45.0,5.0
TXN-10405,2025-04-12 06:00,Client 382,user_405@company.com,Sydney,Furniture,UltraDesk 2000,12,49.99,0.0,599.88,415.1307292060814,184.74927079391856,63.0,5.0
TXN-10406,2025-04-12 12:00,Client 126,user_406@company.com,Sydney,Office Supplies,LaserJet Z,4,129.5,0.25,388.5,221.1131475536397,167.3868524463603,25.0,5.0
TXN-10407,2025-04-12 18:00,Client 325,user_407@company.com,Melbourne,Furniture,ProBook X,13,129.5,0.05,1599.3249999999998,981.248164430923,618.0768355690768,24.0,5.0
TXN-10408,2025-04-13 00:00,Client 376,user_408@company.com,Melbourne,Office Supplies,LaserJet Z,4,129.5,0.1,466.2,346.72922022375303,119.47077977624696,55.0,3.0
TXN-10409,2025-04-13 06:00,Client 897,user_409@company.com,Sydney,Office Supplies,MicroTab 12,4,299.0,0.0,1196.0,720.5524376540022,475.44756234599777,44.0,3.0
TXN-10410,2025-04-13 12:00,Client 708,user_410@company.com,Sydney,Electronics,LaserJet Z,12,1499.0,0.0,17988.0,11019.629201879176,6968.370798120823,44.0,
TXN-10411,2025-04-13 18:00,Client 383,user_411@company.com,Brisbane,Furniture,MicroTab 12,6,2450.0,0.1,13230.0,9489.875006175316,3740.124993824684,66.0,3.0
TXN-10412,2025-04-14 00:00,Client 978,user_412@company.com,Sydney,Furniture,UltraDesk 2000,7,899.0,0.1,5663.7,3171.914895353046,2491.7851046469536,26.0,4.0
TXN-10413,2025-04-14 06:00,Client 580,user_413@company.com,Melbourne,Industrial,ProBook X,2,2450.0,0.1,4410.0,2835.288814889512,1574.7111851104878,52.0,5.0
TXN-10414,2025-04-14 12:00,Client 552,user_414@company.com,Sydney,Industrial,UltraDesk 2000,5,899.0,0.0,4495.0,2813.5254712420515,1681.4745287579483,62.0,5.0
TXN-10415,2025-04-14 18:00,Client 928,user_415@company.com,Melbourne,Electronics,SmartHub Hub,4,299.0,0.1,1076.4,660.1747976731345,416.2252023268656,27.0,4.0
TXN-10416,2025-04-15 00:00,Client 915,user_416@company.com,Melbourne,Electronics,UltraDesk 2000,14,129.5,0.1,1631.7,990.6702055205684,641.0297944794315,58.0,5.0
TXN-10417,2025-04-15 06:00,Client 758,user_417@company.com,Sydney,Apparel,MicroTab 12,13,299.0,0.05,3692.65,2098.440017662558,1594.2099823374415,31.0,5.0
TXN-10418,2025-04-15 12:00,Client 615,user_418@company.com,Sydney,Industrial,UltraDesk 2000,3,299.0,0.1,807.3000000000001,494.84677840711726,312.4532215928828,61.0,4.0
TXN-10419,2025-04-15 18:00,Client 646,user_419@company.com,Sydney,Office Supplies,UltraDesk 2000,7,49.99,0.1,314.937,175.92710891081293,139.00989108918708,28.0,3.0
TXN-10420,2025-04-16 00:00,Client 291,user_420@company.com,Sydney,Furniture,ProBook X,11,1499.0,0.05,15664.55,11062.191998050286,4602.358001949713,60.0,4.0
TXN-10421,2025-04-16 06:00,Client 148,user_421@company.com,USA,Electronics,UltraDesk 2000,12,899.0,0.0,10788.0,6792.616288243806,3995.3837117561934,59.0,5.0
TXN-10422,2025-04-16 12:00,Client 611,user_422@company.com,Sydney,Furniture,ProBook X,6,129.5,0.0,777.0,496.3326555425143,280.66734445748574,42.0,4.0
TXN-10423,2025-04-16 18:00,Client 116,user_423@company.com,Perth,Furniture,ErgoChair Pro,14,899.0,0.0,12586.0,9171.65629301227,3414.343706987729,41.0,4.0
TXN-10424,2025-04-17 00:00,Client 271,user_424@company.com,Sydney,Apparel,SmartHub Hub,7,2450.0,0.0,17150.0,11689.628594643988,5460.3714053560125,24.0,2.0
TXN-10425,2025-04-17 06:00,Client 319,user_425@company.com,Brisbane,Industrial,ProBook X,5,899.0,0.0,4495.0,2479.4951339045656,2015.5048660954344,43.0,5.0
TXN-10426,2025-04-17 12:00,Client 257,user_426@company.com,Perth,Electronics,MicroTab 12,13,2450.0,0.0,31850.0,23525.523622263383,8324.476377736617,25.0,5.0
TXN-10427,2025-04-17 18:00,Client 576,user_427@company.com,Melbourne,Furniture,ErgoChair Pro,6,1499.0,0.0,8994.0,5373.275465400707,3620.724534599293,49.0,5.0
TXN-10428,2025-04-18 00:00,Client 145,user_428@company.com,Melbourne,Electronics,ProBook X,5,2450.0,0.0,12250.0,7001.154752661655,5248.845247338345,33.0,5.0
TXN-10429,2025-04-18 06:00,Client 472,user_429@company.com,Melbourne,Office Supplies,ProBook X,14,899.0,0.1,11327.4,7970.249025558321,3357.150974441679,59.0,5.0
TXN-10430,2025-04-18 12:00,Client 617,user_430@company.com,Sydney,Apparel,SmartHub Hub,7,899.0,0.15,5349.05,3477.393137287374,1871.6568627126264,57.0,5.0
TXN-10431,2025-04-18 18:00,Client 198,user_431@company.com,sydney,Office Supplies,MicroTab 12,2,2450.0,0.0,4900.0,3120.095154697657,1779.904845302343,62.0,5.0
TXN-10432,2025-04-19 00:00,Client 991,user_432@company.com,Adelaide,Electronics,LaserJet Z,14,299.0,0.25,3139.5,1883.3879837327936,1256.1120162672062,26.0,5.0
TXN-10433,2025-04-19 06:00,Client 844,user_433@company.com,US,Electronics,LaserJet Z,11,1499.0,0.05,15664.55,10330.681405304556,5333.868594695443,34.0,4.0
TXN-10434,2025-04-19 12:00,Client 136,user_434@company.com,Sydney,Industrial,ProBook X,5,49.99,0.0,249.95,151.18898641407736,98.76101358592264,44.0,1.0
TXN-10435,2025-04-19 18:00,Client 379,user_435@company.com,Brisbane,Furniture,UltraDesk 2000,6,129.5,0.0,777.0,567.4559990216104,209.5440009783896,51.0,4.0
TXN-10436,2025-04-20 00:00,Client 448,user_436@company.com,SYDNEY,Furniture,MicroTab 12,6,899.0,0.05,5124.3,3038.91946309936,2085.38053690064,58.0,4.0
TXN-10437,2025-04-20 06:00,Client 596,user_437@company.com,Sydney,Office Supplies,ErgoChair Pro,5,129.5,0.1,582.75,423.5840927856181,159.1659072143819,46.0,4.0
TXN-10438,2025-04-20 12:00,Client 401,user_438@company.com,Sydney,Apparel,UltraDesk 2000,10,49.99,0.1,449.91,297.78691901779905,152.12308098220095,48.0,4.0
TXN-10439,2025-04-20 18:00,Client 280,user_439@company.com,Brisbane,Furniture,UltraDesk 2000,7,129.5,0.0,906.5,648.7798986752073,257.7201013247927,35.0,5.0
TXN-10440,2025-04-21 00:00,Client 706,user_440@company.com,Melbourne,Industrial,MicroTab 12,10,49.99,0.0,499.9,346.2153426661783,153.68465733382175,57.0,5.0
TXN-10441,2025-04-21 06:00,Client 198,user_441@company.com,Adelaide,Office Supplies,ProBook X,8,2450.0,0.0,19600.0,13511.044836832054,6088.955163167946,60.0,5.0
TXN-10442,2025-04-21 12:00,Client 799,user_442@company.com,Sydney,Office Supplies,ProBook X,7,299.0,0.0,2093.0,1286.9211551011504,806.0788448988496,37.0,4.0
TXN-10443,2025-04-21 18:00,Client 215,user_443@company.com,Perth,Industrial,ProBook X,5,899.0,0.0,4495.0,2682.523341393511,1812.4766586064889,43.0,1.0
TXN-10444,2025-04-22 00:00,Client 290,user_444@company.com,Sydney,Apparel,ProBook X,1,49.99,0.0,49.99,29.602940504352524,20.38705949564748,42.0,2.0
TXN-10445,2025-04-22 06:00,Client 352,user_445@company.com,Sydney,Industrial,LaserJet Z,13,129.5,0.1,1515.15,1093.0872878387672,422.06271216123287,42.0,4.0
TXN-10446,2025-04-22 12:00,Client 260,user_446@company.com,Sydney,Apparel,ProBook X,5,899.0,0.15,3820.75,2728.34165470093,1092.40834529907,29.0,1.0
TXN-10447,2025-04-22 18:00,Client 355,user_447@company.com,Perth,Industrial,LaserJet Z,10,299.0,0.0,2990.0,1907.96296975136,1082.03703024864,37.0,1.0
TXN-10448,2025-04-23 00:00,Client 422,user_448@company.com,Brisbane,Industrial,LaserJet Z,2,2450.0,0.15,4165.0,2401.0430430425467,1763.9569569574533,52.0,5.0
TXN-10449,2025-04-23 06:00,Client 227,user_449@company.com,Melbourne,Electronics,ProBook X,13,899.0,0.0,11687.0,7321.326413772112,4365.673586227888,63.0,5.0
TXN-10450,2025-04-23 12:00,Client 117,user_450@company.com,Melbourne,Office Supplies,SmartHub Hub,5,49.99,0.0,249.95,168.43347927230425,81.51652072769579,31.0,4.0
TXN-10451,2025-04-23 18:00,Client 892,user_451@company.com,Adelaide,Industrial,ErgoChair Pro,5,299.0,0.0,1495.0,958.116543189506,536.8834568104941,53.0,2.0
TXN-10452,2025-04-24 00:00,Client 834,user_452@company.com,Melbourne,Industrial,UltraDesk 2000,2,129.5,0.05,246.05,173.72061390204817,72.32938609795181,55.0,4.0
TXN-10453,2025-04-24 06:00,Client 665,user_453@company.com,Perth,Furniture,LaserJet Z,5,299.0,0.25,1121.25,840.4044178898731,280.8455821101269,30.0,1.0
TXN-10454,2025-04-24 12:00,Client 669,user_454@company.com,Melbourne,Office Supplies,MicroTab 12,13,299.0,0.05,3692.65,2172.114281282164,1520.535718717836,38.0,5.0
TXN-10455,2025-04-24 18:00,Client 422,user_455@company.com,Melbourne,Furniture,MicroTab 12,4,1499.0,0.0,5996.0,3849.01326293576,2146.9867370642405,32.0,4.0
TXN-10456,2025-04-25 00:00,Client 971,user_456@company.com,Melbourne,Office Supplies,ErgoChair Pro,1,299.0,0.05,284.05,180.7116954681219,103.33830453187812,53.0,4.0
TXN-10457,2025-04-25 06:00,Client 785,user_457@company.com,Sydney,Furniture,MicroTab 12,3,299.0,0.0,897.0,547.9759603751618,349.0240396248382,31.0,4.0
TXN-10458,2025-04-25 12:00,Client 891,user_458@company.com,Brisbane,Industrial,SmartHub Hub,1,899.0,0.15,764.15,450.5574378203619,313.5925621796381,43.0,2.0
TXN-10459,2025-04-25 18:00,Client 725,user_459@company.com,Melbourne,Industrial,MicroTab 12,12,129.5,0.05,1476.3,831.3612543147368,644.9387456852631,38.0,4.0
TXN-10460,2025-04-26 00:00,Client 387,user_460@company.com,Sydney,Electronics,UltraDesk 2000,11,899.0,0.0,9889.0,7193.49458560503,2695.50541439497,25.0,5.0
TXN-10461,2025-04-26 06:00,Client 953,user_461@company.com,Adelaide,Furniture,UltraDesk 2000,5,899.0,0.05,4270.25,2707.209280259,1563.0407197410004,46.0,4.0
TXN-10462,2025-04-26 12:00,Client 762,user_462@company.com,Melbourne,Apparel,LaserJet Z,4,49.99,0.05,189.962,123.35735329706128,66.60464670293872,42.0,2.0
TXN-10463,2025-04-26 18:00,Client 738,user_463@company.com,Melbourne,Electronics,ProBook X,7,899.0,0.0,6293.0,4615.213261865672,1677.7867381343276,58.0,4.0
TXN-10464,2025-04-27 00:00,Client 254,user_464@company.com,sydney,Furniture,SmartHub Hub,5,1499.0,0.05,7120.25,5021.613954506585,2098.6360454934147,59.0,4.0
TXN-10465,2025-04-27 06:00,Client 589,user_465@company.com,Brisbane,Furniture,LaserJet Z,10,1499.0,0.0,14990.0,8635.74278982332,6354.25721017668,22.0,5.0
TXN-10466,2025-04-27 12:00,Client 485,user_466@company.com,Sydney,Electronics,SmartHub Hub,14,49.99,0.1,629.874,417.65936733539183,212.2146326646082,46.0,4.0
TXN-10467,2025-04-27 18:00,Client 884,user_467@company.com,SYDNEY,Industrial,ProBook X,4,2450.0,0.1,8820.0,5631.133015780502,3188.8669842194977,57.0,4.0
TXN-10468,2025-04-28 00:00,Client 203,user_468@company.com,Brisbane,Furniture,MicroTab 12,2,129.5,0.1,233.1,165.37098020362194,67.72901979637805,38.0,4.0
TXN-10469,2025-04-28 06:00,Client 492,user_469@company.com,Sydney,Industrial,MicroTab 12,4,129.5,0.05,492.1,341.9339673359681,150.1660326640319,62.0,4.0
TXN-10470,2025-04-28 12:00,Client 910,user_470@company.com,Sydney,Electronics,ProBook X,12,899.0,0.05,10248.6,7051.868416315562,3196.731583684438,45.0,4.0
TXN-10471,2025-04-28 18:00,Client 345,user_471@company.com,Perth,Industrial,LaserJet Z,2,899.0,0.0,1798.0,1111.359922838571,686.640077161429,23.0,4.0
TXN-10472,2025-04-29 00:00,Client 275,user_472@company.com,Brisbane,Office Supplies,ProBook X,8,2450.0,0.1,17640.0,12541.912040848569,5098.087959151431,61.0,4.0
TXN-10473,2025-04-29 06:00,Client 138,user_473@company.com,Melbourne,Apparel,ErgoChair Pro,3,899.0,0.0,2697.0,1511.6098648438683,1185.3901351561317,36.0,5.0
TXN-10474,2025-04-29 12:00,Client 576,user_474@company.com,Adelaide,Furniture,UltraDesk 2000,9,129.5,0.0,1165.5,678.2335645238383,487.26643547616175,53.0,4.0
TXN-10475,2025-04-29 18:00,Client 781,user_475@company.com,Perth,Apparel,LaserJet Z,13,299.0,0.0,3887.0,2398.7635324130288,1488.2364675869712,60.0,5.0
TXN-10476,2025-04-30 00:00,Client 858,user_476@company.com,Sydney,Industrial,SmartHub Hub,4,1499.0,0.0,5996.0,3389.9074833302825,2606.092516669717,27.0,4.0
TXN-10477,2025-04-30 06:00,Client 637,user_477@company.com,Sydney,Furniture,ErgoChair Pro,13,299.0,0.05,3692.65,2204.5078237876955,1488.142176212304,22.0,5.0
TXN-10478,2025-04-30 12:00,Client 966,user_478@company.com,Sydney,Industrial,LaserJet Z,6,299.0,0.0,1794.0,1284.5581726996531,509.44182730034686,44.0,5.0
TXN-10479,2025-04-30 18:00,Client 917,user_479@company.com,Brisbane,Office Supplies,ProBook X,10,129.5,0.1,1165.5,862.0624334588675,303.43756654113247,60.0,4.0
TXN-10480,2025-05-01 00:00,Client 507,user_480@company.com,Sydney,Electronics,ProBook X,5,299.0,0.0,1495.0,913.326104376483,581.673895623517,38.0,5.0
TXN-10481,2025-05-01 06:00,Client 624,user_481@company.com,Melbourne,Furniture,ProBook X,10,2450.0,0.0,24500.0,14771.12743954531,9728.87256045469,55.0,2.0
TXN-10482,2025-05-01 12:00,Client 927,user_482@company.com,Perth,Office Supplies,ProBook X,13,49.99,0.05,617.3765,374.1169042039232,243.25959579607672,62.0,5.0
TXN-10483,2025-05-01 18:00,Client 605,user_483@company.com,Adelaide,Office Supplies,SmartHub Hub,1,899.0,0.0,899.0,544.3838919056818,354.6161080943182,50.0,4.0
TXN-10484,2025-05-02 00:00,Client 924,user_484@company.com,Sydney,Furniture,ErgoChair Pro,9,49.99,0.0,449.91,250.68356965345828,199.2264303465417,30.0,2.0
TXN-10485,2025-05-02 06:00,Client 135,user_485@company.com,Perth,Industrial,MicroTab 12,1,1499.0,0.1,1349.1,992.1055685670598,356.9944314329404,34.0,4.0
TXN-10486,2025-05-02 12:00,Client 784,user_486@company.com,Sydney,Office Supplies,UltraDesk 2000,8,899.0,0.0,7192.0,4262.98340683476,2929.01659316524,27.0,5.0
TXN-10487,2025-05-02 18:00,Client 119,user_487@company.com,Adelaide,Apparel,SmartHub Hub,9,299.0,0.1,2421.9,1535.4865734035511,886.413426596449,27.0,2.0
TXN-10488,2025-05-03 00:00,Client 420,user_488@company.com,Sydney,Office Supplies,SmartHub Hub,9,1499.0,0.0,13491.0,7446.18714701168,6044.81285298832,41.0,4.0
TXN-10489,2025-05-03 06:00,Client 875,user_489@company.com,Melbourne,Industrial,MicroTab 12,1,899.0,0.0,899.0,648.7103253465273,250.2896746534728,24.0,5.0
TXN-10490,2025-05-03 12:00,Client 611,user_490@company.com,Perth,Industrial,MicroTab 12,2,2450.0,0.1,4410.0,3070.380777809237,1339.6192221907631,38.0,5.0
TXN-10491,2025-05-03 18:00,Client 499,user_491@company.com,Sydney,Apparel,UltraDesk 2000,12,2450.0,0.0,29400.0,21736.925486821376,7663.074513178624,33.0,4.0
TXN-10492,2025-05-04 00:00,Client 753,user_492@company.com,Sydney,Office Supplies,UltraDesk 2000,13,2450.0,0.0,31850.0,22496.390602481064,9353.609397518936,66.0,3.0
TXN-10493,2025-05-04 06:00,Client 982,user_493@company.com,Brisbane,Industrial,MicroTab 12,1,2450.0,0.0,2450.0,1501.216190905512,948.783809094488,22.0,1.0
TXN-10494,2025-05-04 12:00,Client 570,user_494@company.com,Brisbane,Furniture,ProBook X,10,299.0,0.0,2990.0,1792.7282685195976,1197.2717314804024,38.0,4.0
TXN-10495,2025-05-04 18:00,Client 242,user_495@company.com,Brisbane,Electronics,SmartHub Hub,2,49.99,0.1,89.982,62.04648175725208,27.93551824274792,24.0,4.0
TXN-10496,2025-05-05 00:00,Client 191,user_496@company.com,Brisbane,Electronics,LaserJet Z,10,899.0,0.0,8990.0,5599.174769468878,3390.8252305311216,47.0,5.0
TXN-10497,2025-05-05 06:00,Client 453,user_497@company.com,Melbourne,Electronics,UltraDesk 2000,12,299.0,0.1,3229.2000000000003,2141.74430577367,1087.4556942263305,36.0,2.0
TXN-10498,2025-05-05 12:00,Client 933,user_498@company.com,Sydney,Office Supplies,UltraDesk 2000,8,2450.0,0.15,16660.0,9183.8498934602,7476.150106539801,57.0,4.0
TXN-10499,2025-05-05 18:00,Client 899,user_499@company.com,Sydney,Apparel,MicroTab 12,5,49.99,0.0,249.95,140.566166227007,109.38383377299304,53.0,1.0
